employee_id,first_name,last_name,email,project,department,start_date,end_date,salary,manager
1,Alec,O'Brien,aobrien0@ebay.co.uk,prod,marketing,11/21/2020,12/26/2011,110123.88,false
2,Teddi,Dumphrey,tdumphrey1@live.com,test,sales,10/21/2011,5/26/2021,72685.52,false
3,Tallie,Epple,tepple2@symantec.com,test,engineering,11/23/2017,1/15/2013,79852.31,true
4,Brooke,Pennoni,bpennoni3@wikimedia.org,dev,marketing,7/12/2013,4/3/2020,109418.75,true
5,Gerald,Sherratt,gsherratt4@hostgator.com,dev,engineering,9/4/2012,8/23/2013,135933.57,false
6,Izzy,Felce,ifelce5@facebook.com,dev,engineering,7/16/2019,8/31/2010,115728.54,false
7,Gerri,Hallums,ghallums6@free.fr,test,engineering,10/25/2014,7/27/2011,132464.33,true
8,Dana,Faherty,dfaherty7@mayoclinic.com,test,sales,2/16/2020,11/7/2020,63718.18,false
9,Deirdre,Lipscomb,dlipscomb8@dedecms.com,dev,marketing,3/3/2017,12/27/2022,131905.19,true
10,Dominic,Silvester,dsilvester9@nymag.com,dev,sales,4/10/2012,9/26/2018,144552.59,true
11,Rozina,Smallpeace,rsmallpeacea@ucoz.com,prod,sales,10/4/2017,11/1/2022,146529.16,false
12,Zara,Swanston,zswanstonb@craigslist.org,prod,sales,7/24/2018,12/23/2016,135720.3,true
13,Hazel,Soares,hsoaresc@hatena.ne.jp,prod,engineering,11/21/2013,8/20/2020,125695.84,false
14,Jeanie,Gatland,jgatlandd@artisteer.com,test,marketing,8/9/2010,10/12/2017,126055.42,true
15,Iolanthe,Synan,isynane@huffingtonpost.com,prod,engineering,12/16/2020,12/17/2010,130108.18,true
16,Loy,Robinett,lrobinettf@fda.gov,test,sales,2/23/2019,7/16/2016,84818.99,true
17,Wilie,Thireau,wthireaug@flavors.me,prod,sales,9/10/2013,10/2/2013,90596.18,false
18,Berri,Luther,blutherh@twitpic.com,prod,marketing,2/20/2019,7/18/2014,84465.71,true
19,Cherin,Blaber,cblaberi@angelfire.com,prod,engineering,11/14/2018,5/27/2020,37317.78,false
20,Ainslie,Fearnehough,afearnehoughj@pagesperso-orange.fr,dev,engineering,11/1/2021,8/14/2020,116936.54,true
21,Karney,Shugg,kshuggk@networksolutions.com,prod,engineering,9/16/2014,1/19/2022,110866.07,true
22,Hatti,Mabbs,hmabbsl@mashable.com,test,marketing,11/14/2017,7/18/2010,23287.72,true
23,Gran,Bolland,gbollandm@ebay.co.uk,dev,engineering,12/18/2014,7/3/2012,98641.53,false
24,Carly,Jossum,cjossumn@yelp.com,prod,marketing,4/3/2022,1/7/2012,131482.81,false
25,Inger,Steele,isteeleo@reference.com,prod,sales,6/6/2022,9/7/2011,71867.32,false
26,Florence,Aykroyd,faykroydp@t.co,test,sales,11/16/2014,7/13/2012,134635.48,false
27,Cheston,Vardie,cvardieq@delicious.com,dev,engineering,8/25/2010,6/23/2012,27475.98,true
28,Colman,Staves,cstavesr@elegantthemes.com,dev,engineering,12/14/2013,5/29/2021,54909.82,true
29,Dall,Feeley,dfeeleys@ox.ac.uk,dev,marketing,6/8/2022,4/3/2022,135639.61,true
30,Therese,Babber,tbabbert@mtv.com,test,engineering,4/12/2019,9/11/2012,79727.46,false
31,Babette,Caunt,bcauntu@cnbc.com,prod,sales,12/22/2021,12/20/2022,51803.84,false
32,Callie,Lambeth,clambethv@mashable.com,prod,marketing,12/12/2017,6/20/2012,127043.86,true
33,Ines,Ioannidis,iioannidisw@salon.com,dev,sales,11/26/2016,10/6/2013,136111.93,true
34,Phyllis,Hargate,phargatex@comsenz.com,dev,sales,5/2/2014,7/8/2018,146848.18,true
35,Vivyan,D'Agostino,vdagostinoy@nasa.gov,dev,marketing,1/27/2020,10/17/2021,31075.73,false
36,Gwenora,Fontel,gfontelz@vinaora.com,test,sales,1/25/2021,4/27/2012,92308.53,true
37,Reynolds,Percy,rpercy10@rediff.com,dev,marketing,1/19/2019,7/2/2016,53494.24,false
38,Hilary,Vedyasov,hvedyasov11@godaddy.com,prod,marketing,10/26/2010,3/22/2022,56601.38,false
39,Arney,Colquite,acolquite12@shareasale.com,prod,sales,9/8/2020,11/27/2017,44365.46,true
40,Joanna,Cordova,jcordova13@yale.edu,prod,marketing,8/4/2015,2/27/2013,96085.2,false
41,Nanni,Yoakley,nyoakley14@live.com,prod,sales,11/26/2018,3/1/2020,68620.79,false
42,Lorie,Pouck,lpouck15@tripod.com,test,sales,5/2/2020,2/11/2021,133348.24,false
43,Catherina,Gellately,cgellately16@barnesandnoble.com,dev,engineering,10/18/2020,10/28/2020,84661.38,false
44,Georgine,Binding,gbinding17@census.gov,prod,marketing,5/11/2018,12/22/2020,142879.4,true
45,Elysee,Tegler,etegler18@cbc.ca,dev,sales,3/3/2011,10/26/2011,84541.75,false
46,Renee,Murrells,rmurrells19@home.pl,prod,engineering,6/29/2016,8/7/2019,78307.31,true
47,Alicia,Anstead,aanstead1a@amazonaws.com,prod,engineering,4/22/2012,3/6/2011,95149.27,false
48,Latrena,Edgcombe,ledgcombe1b@who.int,dev,sales,5/17/2011,9/12/2014,41162.94,true
49,Alyse,Canete,acanete1c@japanpost.jp,test,sales,11/7/2014,10/29/2012,104172.73,false
50,Englebert,Ramshay,eramshay1d@woothemes.com,test,engineering,9/24/2022,9/6/2013,89659.57,false
51,Zita,Naismith,znaismith1e@tripadvisor.com,test,engineering,2/27/2015,4/17/2013,91598.98,true
52,Josy,Skettles,jskettles1f@marketwatch.com,dev,sales,6/7/2020,2/25/2020,115920.72,false
53,Cassandre,Swanwick,cswanwick1g@ameblo.jp,dev,marketing,5/25/2017,5/4/2021,45125.05,false
54,Archie,Lamdin,alamdin1h@taobao.com,test,marketing,7/9/2017,6/21/2014,36418.83,false
55,Ulrike,Wewell,uwewell1i@forbes.com,prod,sales,6/24/2011,2/19/2016,68426.47,false
56,Tremain,Twidale,ttwidale1j@google.co.jp,test,marketing,7/9/2013,1/12/2015,118704.87,true
57,Niccolo,Huntriss,nhuntriss1k@bbb.org,prod,marketing,11/16/2019,8/1/2016,51939.49,false
58,Mick,Camocke,mcamocke1l@bloglovin.com,prod,marketing,8/3/2011,10/7/2013,119258.13,false
59,Germain,Aldersea,galdersea1m@weather.com,prod,sales,11/29/2021,10/23/2012,64836.36,false
60,Gabie,Castano,gcastano1n@skyrock.com,prod,sales,8/31/2011,6/20/2010,141770.25,true
61,Verne,Lamb,vlamb1o@simplemachines.org,test,sales,4/26/2010,3/5/2022,58503.26,false
62,Meryl,Haste,mhaste1p@rakuten.co.jp,dev,marketing,10/20/2011,10/9/2016,66097.68,false
63,Siana,Kearney,skearney1q@livejournal.com,test,marketing,4/28/2019,4/30/2022,55685.97,false
64,Phillie,Cosely,pcosely1r@msu.edu,prod,marketing,11/24/2022,5/28/2018,53839.98,false
65,Sofia,Flawn,sflawn1s@gravatar.com,dev,engineering,11/10/2014,9/11/2018,107283.16,false
66,Galven,Nilges,gnilges1t@craigslist.org,test,sales,8/30/2014,3/16/2018,36105.65,false
67,Esteban,Garatty,egaratty1u@hud.gov,test,marketing,2/23/2012,8/12/2011,65456.6,false
68,Trish,Berney,tberney1v@sciencedirect.com,prod,marketing,6/10/2020,6/23/2014,71635.4,true
69,Merl,Lukacs,mlukacs1w@wordpress.com,prod,engineering,5/14/2016,1/11/2010,145324.9,false
70,Rose,Jephson,rjephson1x@sciencedaily.com,dev,marketing,11/9/2018,6/10/2015,48629.73,true
71,Leonhard,Sibthorp,lsibthorp1y@i2i.jp,test,sales,12/30/2010,10/18/2022,20190.95,true
72,Christean,Ody,cody1z@tuttocitta.it,prod,marketing,2/2/2013,9/29/2011,140183.97,true
73,Gayler,Wallentin,gwallentin20@globo.com,test,sales,1/21/2013,7/2/2020,62897.5,true
74,Yehudi,Finneran,yfinneran21@fda.gov,test,sales,1/14/2015,1/3/2017,146494.93,false
75,Darb,Denecamp,ddenecamp22@un.org,prod,engineering,8/21/2012,1/24/2016,80084.21,true
76,Garold,Roder,groder23@examiner.com,test,sales,1/19/2010,2/28/2012,94529.56,false
77,Almire,Waldera,awaldera24@auda.org.au,prod,sales,6/14/2012,8/23/2012,88840.24,false
78,Shellysheldon,Hulks,shulks25@state.tx.us,dev,sales,7/21/2015,6/25/2019,124176.22,false
79,Lotty,Moyes,lmoyes26@google.fr,prod,marketing,8/24/2015,10/9/2012,86852.37,true
80,Lonnie,Arlt,larlt27@statcounter.com,dev,engineering,8/6/2014,8/5/2011,119336.11,true
81,Aurore,Briiginshaw,abriiginshaw28@columbia.edu,prod,engineering,2/13/2013,7/26/2015,20579.33,false
82,Devan,Bausmann,dbausmann29@slashdot.org,prod,marketing,2/17/2018,11/12/2011,87512.9,true
83,Edithe,Dunbavin,edunbavin2a@cornell.edu,dev,sales,12/16/2016,2/11/2014,117969.41,true
84,Kelvin,Westbury,kwestbury2b@shinystat.com,dev,sales,5/28/2019,5/20/2016,111077.59,true
85,Charlie,Garn,cgarn2c@google.it,test,sales,1/5/2012,9/23/2012,65527.02,true
86,Norene,Oswal,noswal2d@typepad.com,prod,marketing,8/18/2018,11/18/2013,141751.79,false
87,Anastasia,Ferrolli,aferrolli2e@china.com.cn,test,sales,5/31/2013,11/15/2019,56588.23,false
88,Rodolfo,Macguire,rmacguire2f@npr.org,test,engineering,12/4/2017,1/19/2020,45632.04,false
89,Trudy,Dupree,tdupree2g@go.com,dev,marketing,5/18/2020,9/7/2010,80627.1,true
90,Delila,Gartin,dgartin2h@i2i.jp,test,sales,4/25/2012,7/20/2013,62024.58,false
91,Xenia,Roome,xroome2i@epa.gov,prod,sales,9/5/2012,5/28/2019,107436.21,true
92,Jorry,Lalor,jlalor2j@google.com.au,prod,sales,3/8/2017,3/11/2014,80370.99,false
93,Raviv,Kynan,rkynan2k@netlog.com,test,engineering,6/10/2012,11/15/2022,37897.11,true
94,Irene,Fallens,ifallens2l@examiner.com,dev,engineering,6/17/2022,7/8/2011,94731.69,true
95,Basilio,Tomes,btomes2m@nih.gov,prod,marketing,4/27/2017,5/10/2010,48327.41,false
96,Chelsy,Redwood,credwood2n@about.com,prod,marketing,4/27/2018,4/7/2021,83386.95,false
97,Hervey,Jubert,hjubert2o@nyu.edu,dev,marketing,10/15/2021,1/23/2012,129045.26,true
98,Belinda,Lorenzin,blorenzin2p@aboutads.info,test,marketing,10/25/2022,9/22/2019,48694.17,false
99,Brnaba,Medcraft,bmedcraft2q@yellowpages.com,prod,sales,4/20/2013,8/31/2016,145075.05,false
100,Tracie,Cumine,tcumine2r@utexas.edu,test,engineering,10/12/2017,7/28/2018,124726.22,true
101,Alayne,Swate,aswate2s@wikia.com,prod,sales,3/3/2021,3/28/2022,126127.29,true
102,Francoise,Joseland,fjoseland2t@latimes.com,prod,engineering,3/2/2019,1/2/2021,52804.94,false
103,Reinwald,Hopewell,rhopewell2u@behance.net,dev,engineering,10/29/2016,1/18/2015,122010.16,false
104,Augie,Giametti,agiametti2v@wiley.com,dev,engineering,6/19/2012,9/14/2010,96980.36,true
105,Dewey,Jennings,djennings2w@ovh.net,dev,sales,3/17/2017,4/29/2021,136398.05,false
106,Amandy,Roddie,aroddie2x@paginegialle.it,dev,marketing,5/13/2018,8/19/2012,54600.89,true
107,Florida,Vase,fvase2y@imageshack.us,prod,engineering,2/12/2014,4/28/2014,51582.26,true
108,Kristoforo,Boutcher,kboutcher2z@mapquest.com,prod,sales,6/7/2015,9/16/2011,102293.67,false
109,Myrta,Giroldo,mgiroldo30@canalblog.com,test,marketing,10/15/2022,1/11/2013,93367.29,true
110,Brade,Dany,bdany31@w3.org,dev,sales,4/1/2010,8/27/2012,140085.6,false
111,Moselle,Goldson,mgoldson32@spiegel.de,dev,sales,2/26/2014,1/17/2010,56729.3,true
112,Jimmy,Golley,jgolley33@nydailynews.com,prod,marketing,8/28/2017,7/26/2014,101786.03,true
113,Shalom,Treven,streven34@jiathis.com,dev,marketing,4/9/2019,4/15/2013,20543.34,false
114,Carrie,Delacourt,cdelacourt35@usgs.gov,dev,sales,6/22/2022,4/20/2014,115581.46,false
115,Marylee,Hutton,mhutton36@mediafire.com,dev,sales,6/3/2016,12/19/2022,40101.0,true
116,Rickey,Jamary,rjamary37@weather.com,prod,marketing,6/27/2019,7/18/2014,57761.26,false
117,Mortie,Woolfitt,mwoolfitt38@constantcontact.com,dev,engineering,11/29/2018,6/28/2013,117395.33,false
118,Kathye,Tudbald,ktudbald39@youtube.com,dev,sales,11/12/2015,11/1/2021,77453.81,true
119,Hastie,Eberle,heberle3a@digg.com,prod,sales,11/18/2016,7/20/2017,111129.97,true
120,Guthry,Craxford,gcraxford3b@skyrock.com,dev,engineering,8/29/2017,1/29/2012,119807.73,true
121,Jackquelin,Ziems,jziems3c@google.com,prod,engineering,3/30/2015,6/27/2010,91005.54,false
122,Lynsey,Hullins,lhullins3d@bbb.org,dev,marketing,9/8/2013,3/8/2018,134638.56,true
123,Mildred,De Winton,mdewinton3e@ucoz.ru,prod,marketing,5/30/2011,12/3/2015,20906.31,true
124,Skell,Sexstone,ssexstone3f@smugmug.com,test,engineering,6/13/2016,8/13/2012,67114.86,false
125,Tiebold,Nanninini,tnanninini3g@google.es,prod,marketing,10/31/2021,9/24/2015,41372.2,true
126,Andreas,Brychan,abrychan3h@weibo.com,test,engineering,8/22/2021,9/20/2015,57009.44,true
127,Alida,Slowley,aslowley3i@go.com,dev,sales,9/21/2015,6/3/2010,85041.2,true
128,Linnell,Hallibone,lhallibone3j@google.pl,prod,engineering,4/16/2016,9/19/2010,82734.81,false
129,Liam,Bagnall,lbagnall3k@usatoday.com,dev,marketing,6/29/2019,12/14/2010,51714.26,true
130,Charles,Tearny,ctearny3l@mit.edu,dev,marketing,11/8/2010,10/8/2015,40139.45,false
131,Theo,Weeds,tweeds3m@google.com.br,test,marketing,7/3/2016,10/29/2011,91990.69,true
132,Geoffry,Dolohunty,gdolohunty3n@rakuten.co.jp,prod,marketing,8/14/2017,4/1/2017,62248.3,false
133,Karee,Grimes,kgrimes3o@multiply.com,dev,marketing,3/8/2014,5/13/2021,109965.23,false
134,Kory,Apthorpe,kapthorpe3p@ucoz.ru,prod,marketing,12/13/2014,3/29/2011,119326.36,true
135,Ursala,Orteaux,uorteaux3q@nhs.uk,dev,sales,5/11/2012,2/23/2020,145461.1,false
136,Consalve,Dunford,cdunford3r@weebly.com,test,sales,4/25/2011,1/30/2020,129962.22,false
137,Kat,Burgiss,kburgiss3s@google.com,test,marketing,8/18/2013,4/23/2013,65263.21,false
138,Kristos,Oag,koag3t@wix.com,prod,marketing,10/10/2020,3/15/2020,98653.76,true
139,Ellsworth,Hustler,ehustler3u@uol.com.br,prod,marketing,12/28/2021,10/21/2012,50090.37,false
140,Willdon,Chartman,wchartman3v@live.com,prod,marketing,11/10/2016,5/19/2016,139673.08,false
141,Ignacio,Kolakowski,ikolakowski3w@nba.com,test,engineering,9/20/2015,5/12/2020,53891.28,true
142,Debby,Ings,dings3x@bing.com,prod,engineering,12/21/2020,11/4/2012,102225.56,true
143,Delia,Penas,dpenas3y@shutterfly.com,prod,marketing,1/10/2022,5/26/2015,39926.94,true
144,Annamarie,Iston,aiston3z@storify.com,prod,sales,2/2/2011,9/16/2015,65600.54,false
145,Damita,Ruddle,druddle40@networksolutions.com,dev,marketing,4/6/2014,3/1/2013,149498.12,false
146,Hamlin,Danniel,hdanniel41@tmall.com,test,marketing,8/29/2012,10/31/2015,84794.92,true
147,Leelah,Petrov,lpetrov42@sciencedirect.com,prod,marketing,2/14/2019,8/29/2013,100074.38,false
148,Cori,Tourot,ctourot43@nature.com,test,engineering,6/11/2015,6/21/2011,141797.13,false
149,Mireille,Bunton,mbunton44@gov.uk,prod,marketing,1/16/2010,10/1/2015,147165.83,true
150,Babette,Eastgate,beastgate45@furl.net,prod,engineering,12/7/2015,9/15/2014,45750.2,false
151,Margareta,McKimmie,mmckimmie46@angelfire.com,prod,marketing,3/4/2020,2/13/2022,81694.3,true
152,Dre,Ambrosch,dambrosch47@elpais.com,dev,engineering,2/27/2020,8/18/2012,104957.11,false
153,Baxter,MacTurlough,bmacturlough48@wufoo.com,prod,engineering,9/11/2014,10/18/2011,25838.67,true
154,Graig,Benmore,gbenmore49@linkedin.com,test,engineering,6/1/2019,6/26/2021,81571.15,false
155,Corrina,Lannen,clannen4a@linkedin.com,prod,sales,5/11/2017,3/3/2013,136299.84,true
156,Patrizio,Flescher,pflescher4b@unc.edu,prod,marketing,2/27/2011,2/8/2014,131716.67,false
157,Steven,O'Fairy,sofairy4c@microsoft.com,dev,sales,3/3/2012,12/14/2015,45219.73,false
158,Zara,McNeely,zmcneely4d@ftc.gov,dev,sales,9/11/2017,3/21/2016,95217.58,false
159,Brander,Cowans,bcowans4e@nymag.com,prod,marketing,2/13/2014,7/18/2015,79029.6,true
160,Lesley,Cotes,lcotes4f@va.gov,prod,marketing,6/20/2020,8/23/2011,23450.83,true
161,Ethelda,Ternott,eternott4g@usa.gov,prod,engineering,6/6/2018,6/22/2013,74624.84,true
162,Adena,Willows,awillows4h@bandcamp.com,prod,engineering,7/13/2013,12/4/2017,34829.78,false
163,Carmita,Gumly,cgumly4i@webmd.com,prod,sales,6/12/2017,12/1/2015,149348.77,true
164,Herrick,Antcliffe,hantcliffe4j@answers.com,test,sales,11/15/2016,3/23/2015,144416.95,true
165,Celie,Badby,cbadby4k@slate.com,dev,marketing,12/15/2021,1/22/2017,75669.26,true
166,Filia,Menichillo,fmenichillo4l@163.com,prod,sales,8/24/2020,10/19/2012,62782.23,false
167,Erek,Christley,echristley4m@goo.ne.jp,test,sales,4/24/2013,4/19/2017,80749.73,false
168,Sig,Backshill,sbackshill4n@sohu.com,test,sales,9/27/2020,3/20/2018,25561.25,false
169,Tull,Bugs,tbugs4o@yandex.ru,prod,engineering,12/22/2012,7/30/2022,90759.66,true
170,Mariquilla,Busek,mbusek4p@usgs.gov,test,engineering,11/24/2022,2/19/2019,99033.81,false
171,Tiff,Sutter,tsutter4q@github.com,test,engineering,8/20/2020,9/23/2014,109742.2,false
172,Barnard,Markos,bmarkos4r@shop-pro.jp,dev,engineering,8/18/2018,5/18/2020,126089.64,false
173,Ann-marie,Canny,acanny4s@forbes.com,test,engineering,8/2/2020,1/2/2012,72898.11,true
174,Avram,Piggen,apiggen4t@uol.com.br,test,marketing,3/21/2020,8/23/2013,70729.76,false
175,Vida,Rhymer,vrhymer4u@booking.com,dev,sales,5/11/2021,11/28/2022,104485.32,false
176,Emmett,Trussler,etrussler4v@blogtalkradio.com,prod,sales,7/18/2016,8/22/2018,82334.93,true
177,Ingrim,Bendson,ibendson4w@lulu.com,test,engineering,9/25/2015,6/24/2018,118617.14,false
178,Paxon,Minear,pminear4x@sohu.com,dev,sales,4/5/2012,10/11/2017,104076.32,false
179,Rudy,Trenouth,rtrenouth4y@moonfruit.com,test,sales,12/21/2020,12/12/2012,58372.09,false
180,Frannie,Rizzardi,frizzardi4z@sun.com,prod,sales,2/6/2019,12/9/2016,116964.01,true
181,Marlane,Havoc,mhavoc50@oaic.gov.au,dev,engineering,3/31/2010,3/28/2021,78769.86,true
182,Alfie,Bamsey,abamsey51@pbs.org,prod,marketing,4/1/2010,10/12/2014,131150.46,false
183,Davey,Roma,droma52@blogger.com,dev,marketing,2/22/2012,7/31/2015,121685.03,false
184,Francklin,Petrushanko,fpetrushanko53@un.org,prod,sales,1/24/2020,12/10/2013,76711.4,true
185,Aurelia,Westrope,awestrope54@devhub.com,prod,engineering,8/14/2015,11/3/2011,51329.31,false
186,Evyn,Brach,ebrach55@networksolutions.com,test,sales,9/26/2017,4/19/2012,120807.16,true
187,Roosevelt,Tilly,rtilly56@auda.org.au,test,engineering,4/18/2020,3/11/2016,128944.06,false
188,Felipa,Serrurier,fserrurier57@prlog.org,prod,sales,7/5/2018,1/5/2015,41905.17,true
189,Link,Tompkins,ltompkins58@independent.co.uk,test,sales,1/19/2016,10/16/2019,104768.24,true
190,Leyla,Titterton,ltitterton59@usa.gov,dev,engineering,11/11/2018,2/24/2014,128946.37,true
191,Lucilia,Dybell,ldybell5a@e-recht24.de,test,sales,7/24/2021,10/30/2014,67673.32,false
192,Abrahan,Colborn,acolborn5b@github.com,test,sales,7/4/2010,4/1/2014,88158.02,true
193,Elvin,Haddrell,ehaddrell5c@yellowpages.com,test,sales,12/14/2013,9/22/2010,137078.51,false
194,Heddi,Pickersail,hpickersail5d@wikipedia.org,dev,marketing,11/17/2012,10/25/2010,37098.31,true
195,Mathian,Ioselev,mioselev5e@facebook.com,dev,sales,11/8/2017,7/17/2012,124775.97,false
196,Dorella,Karsh,dkarsh5f@wikia.com,test,marketing,3/9/2014,12/12/2021,49387.23,true
197,Devland,Fulkes,dfulkes5g@cnn.com,prod,sales,4/18/2021,10/27/2019,59000.76,false
198,Sherwood,Larmour,slarmour5h@dagondesign.com,dev,engineering,3/13/2015,8/3/2021,117632.43,false
199,Ginger,Phipps,gphipps5i@github.com,dev,sales,8/3/2013,5/28/2012,139895.9,false
200,Aurelie,Willingham,awillingham5j@chicagotribune.com,test,marketing,4/28/2019,3/20/2019,126614.83,true
201,Andria,Wickman,awickman5k@samsung.com,test,sales,4/25/2011,9/18/2016,146090.55,false
202,Pembroke,Edgeson,pedgeson5l@cornell.edu,dev,marketing,5/31/2016,5/5/2012,46937.71,true
203,Timmy,Knifton,tknifton5m@yale.edu,test,marketing,6/6/2017,5/10/2011,145432.18,false
204,Roma,Mingardo,rmingardo5n@devhub.com,prod,engineering,12/27/2020,11/30/2018,137865.7,true
205,Blondy,Coronado,bcoronado5o@over-blog.com,prod,sales,5/25/2021,7/14/2010,50508.07,false
206,Hollis,Feake,hfeake5p@behance.net,test,sales,9/6/2017,5/29/2018,104467.96,true
207,Frannie,Souter,fsouter5q@sun.com,test,marketing,8/23/2012,7/27/2010,119183.31,false
208,Francine,Arnli,farnli5r@elegantthemes.com,test,sales,8/13/2015,11/18/2019,140003.19,false
209,Parry,Rosekilly,prosekilly5s@stumbleupon.com,dev,engineering,5/31/2022,4/4/2011,40328.67,false
210,Caspar,Baylis,cbaylis5t@eventbrite.com,test,marketing,9/30/2017,6/18/2019,35032.19,false
211,Lyndell,Roantree,lroantree5u@facebook.com,prod,marketing,12/13/2014,2/20/2021,111492.5,false
212,Ryon,Gretham,rgretham5v@lulu.com,prod,marketing,7/5/2020,12/9/2010,71249.47,false
213,Franciskus,Fontenot,ffontenot5w@dedecms.com,test,sales,5/4/2013,12/9/2010,121544.23,true
214,Andriana,Sugarman,asugarman5x@ovh.net,dev,engineering,12/9/2018,12/9/2018,97167.39,false
215,Vite,Leivesley,vleivesley5y@zdnet.com,dev,marketing,9/2/2015,11/27/2018,133699.59,false
216,Randie,Tume,rtume5z@gizmodo.com,test,marketing,1/25/2016,8/27/2011,92537.28,true
217,Corenda,Corteney,ccorteney60@cdbaby.com,prod,marketing,7/25/2019,9/30/2017,36652.6,true
218,Hedvig,Rabier,hrabier61@fc2.com,test,marketing,11/26/2012,10/11/2022,120926.64,false
219,Ingunna,Southey,isouthey62@edublogs.org,prod,marketing,2/6/2012,1/5/2014,90817.36,false
220,Ezri,Emblow,eemblow63@istockphoto.com,dev,sales,7/11/2016,2/19/2022,99044.86,true
221,Desdemona,MacGhee,dmacghee64@xrea.com,prod,sales,8/26/2020,2/19/2011,118277.32,true
222,Jean,Wynch,jwynch65@engadget.com,test,sales,3/25/2016,3/10/2019,75678.53,true
223,Lonni,Benediktovich,lbenediktovich66@goo.gl,test,engineering,12/13/2012,7/15/2015,49730.57,true
224,Berny,Ehrat,behrat67@hao123.com,dev,sales,1/30/2014,4/20/2014,110616.69,false
225,Leontine,Verson,lverson68@bing.com,test,engineering,3/7/2010,7/2/2019,94453.3,false
226,Thayne,Pledger,tpledger69@disqus.com,test,sales,3/20/2010,3/16/2011,51072.26,false
227,Carmel,Mulford,cmulford6a@home.pl,prod,marketing,12/23/2013,8/4/2012,93097.64,true
228,Ab,Torres,atorres6b@bigcartel.com,prod,engineering,6/20/2019,6/26/2011,87586.24,false
229,Temple,Spybey,tspybey6c@instagram.com,dev,sales,8/10/2021,4/25/2013,137964.26,false
230,Micky,Varty,mvarty6d@fastcompany.com,prod,engineering,3/10/2020,3/18/2017,94619.36,false
231,Aliza,Ingold,aingold6e@wp.com,test,sales,2/9/2019,8/10/2019,42649.47,true
232,Marlo,Benjefield,mbenjefield6f@miibeian.gov.cn,test,sales,5/12/2011,4/15/2016,80292.12,true
233,Danny,Padginton,dpadginton6g@theguardian.com,dev,marketing,1/11/2016,10/1/2015,95970.5,false
234,Arni,Cattrall,acattrall6h@telegraph.co.uk,dev,sales,1/16/2014,3/20/2017,126243.96,true
235,Meta,Turmall,mturmall6i@wikispaces.com,prod,sales,10/30/2012,1/12/2013,44865.85,false
236,Dale,Nunn,dnunn6j@ask.com,prod,engineering,7/10/2018,1/17/2022,43746.45,false
237,Goldarina,Johncey,gjohncey6k@people.com.cn,test,engineering,10/1/2015,1/3/2022,54651.49,true
238,Gabbi,Ilymanov,gilymanov6l@tinyurl.com,test,sales,1/15/2017,8/23/2017,113079.1,false
239,Saree,Persence,spersence6m@wikispaces.com,dev,engineering,11/20/2012,5/4/2019,42750.88,false
240,Ginger,Okroy,gokroy6n@walmart.com,prod,sales,3/18/2015,12/2/2010,21314.06,false
241,Tracie,Hurleston,thurleston6o@time.com,prod,engineering,11/18/2012,4/16/2011,44899.29,false
242,Blinnie,Lots,blots6p@merriam-webster.com,dev,engineering,11/24/2016,8/6/2021,91676.9,true
243,Coretta,McGuane,cmcguane6q@123-reg.co.uk,prod,marketing,4/12/2018,6/3/2021,41941.6,false
244,Warden,Simmon,wsimmon6r@netlog.com,test,marketing,1/28/2022,7/25/2017,91650.73,true
245,Ingram,Kernley,ikernley6s@canalblog.com,prod,engineering,7/16/2020,8/23/2021,39786.47,true
246,Dorene,Wartnaby,dwartnaby6t@hp.com,dev,sales,10/16/2015,6/25/2016,87626.04,false
247,Werner,Bayns,wbayns6u@prweb.com,dev,engineering,9/17/2015,10/20/2015,81771.43,false
248,Alf,Haill,ahaill6v@berkeley.edu,dev,marketing,7/1/2020,1/3/2020,63494.27,false
249,Colette,Kestian,ckestian6w@livejournal.com,test,marketing,2/7/2022,9/26/2021,110127.51,true
250,Murry,Housaman,mhousaman6x@seesaa.net,dev,sales,2/21/2015,9/22/2010,129605.99,false
251,Hiram,Kneal,hkneal6y@wordpress.com,dev,sales,9/1/2018,1/24/2010,98941.33,true
252,Bobbi,Whetland,bwhetland6z@dmoz.org,dev,sales,10/29/2021,4/6/2012,119960.88,false
253,Rahal,Braham,rbraham70@123-reg.co.uk,dev,sales,5/10/2022,5/14/2010,65975.88,true
254,Harmonie,Kayne,hkayne71@friendfeed.com,prod,marketing,8/24/2011,6/20/2019,143030.54,true
255,Boone,Eastup,beastup72@scientificamerican.com,prod,sales,1/23/2018,4/11/2010,135678.49,true
256,Viviene,Alessandrelli,valessandrelli73@51.la,prod,engineering,5/26/2010,7/24/2016,143571.4,true
257,Trumaine,Edden,tedden74@mapy.cz,prod,engineering,8/16/2020,1/3/2010,31310.93,false
258,Wendel,Jocic,wjocic75@quantcast.com,prod,engineering,10/7/2018,10/16/2012,131308.0,true
259,Justina,Bengtsen,jbengtsen76@shinystat.com,dev,marketing,7/7/2017,2/7/2014,121564.78,true
260,Hailee,Sherlock,hsherlock77@google.it,dev,sales,3/3/2019,3/18/2014,77503.85,false
261,Tonia,Lenihan,tlenihan78@boston.com,dev,engineering,9/15/2013,3/27/2022,143278.59,false
262,Emmie,Chrystie,echrystie79@list-manage.com,test,marketing,11/4/2020,11/29/2012,140027.86,true
263,Nancey,Geri,ngeri7a@comcast.net,dev,marketing,1/2/2013,9/24/2011,48892.93,true
264,Lorilyn,Boutcher,lboutcher7b@so-net.ne.jp,prod,marketing,10/21/2015,9/13/2018,147697.93,false
265,Jaclyn,Tomasz,jtomasz7c@ebay.co.uk,test,engineering,11/4/2019,12/6/2022,126702.26,false
266,Bradney,Varsey,bvarsey7d@a8.net,test,sales,4/4/2011,10/30/2010,59284.61,false
267,Guillema,Gwilym,ggwilym7e@microsoft.com,dev,marketing,5/7/2021,6/27/2012,63064.26,true
268,Ernestus,Dowker,edowker7f@ycombinator.com,dev,sales,2/12/2021,11/3/2016,117344.06,true
269,Isabella,Steaning,isteaning7g@whitehouse.gov,test,engineering,6/24/2011,5/2/2015,146782.61,true
270,Heida,Jebb,hjebb7h@ebay.com,test,engineering,10/14/2013,8/15/2015,149679.0,true
271,Chastity,Runciman,crunciman7i@who.int,prod,engineering,2/17/2013,3/11/2017,47039.66,false
272,Hamnet,Vardey,hvardey7j@time.com,prod,marketing,10/22/2014,8/7/2019,145435.47,false
273,Noak,Farrin,nfarrin7k@cisco.com,prod,engineering,9/3/2019,12/1/2020,53820.64,false
274,Alena,Derges,aderges7l@blinklist.com,test,sales,5/17/2013,8/27/2021,71936.35,true
275,Maxie,Pye,mpye7m@devhub.com,dev,marketing,1/30/2015,2/28/2017,138100.71,false
276,Rafaellle,Weller,rweller7n@google.com.br,prod,engineering,4/9/2015,12/18/2012,148980.8,false
277,Ario,Winterson,awinterson7o@guardian.co.uk,test,marketing,12/8/2017,1/11/2019,76176.59,true
278,Gloriana,Aspel,gaspel7p@xrea.com,prod,marketing,10/11/2011,1/12/2022,43643.24,false
279,Dane,Gargett,dgargett7q@admin.ch,test,marketing,9/14/2016,11/15/2019,88092.24,false
280,Rich,Byrd,rbyrd7r@toplist.cz,prod,marketing,5/11/2012,3/21/2018,96332.97,false
281,Margareta,McKibben,mmckibben7s@etsy.com,dev,sales,11/18/2021,11/4/2019,62529.05,true
282,Dareen,Grand,dgrand7t@github.com,prod,engineering,7/23/2012,12/24/2017,80730.39,true
283,Elsie,Checchi,echecchi7u@icio.us,prod,sales,12/3/2018,12/20/2021,57127.63,false
284,Goldie,Argontt,gargontt7v@ning.com,prod,marketing,1/23/2017,11/2/2012,96237.75,false
285,Amalee,Pointin,apointin7w@abc.net.au,dev,sales,7/26/2014,6/9/2021,67206.8,true
286,Chanda,Nern,cnern7x@ucla.edu,dev,sales,4/4/2011,7/20/2010,136012.53,false
287,Salome,Brittlebank,sbrittlebank7y@shutterfly.com,test,engineering,3/20/2012,3/25/2017,119275.66,false
288,Jere,Hurst,jhurst7z@hibu.com,dev,sales,1/12/2019,11/11/2013,24789.13,false
289,Heinrik,Westfalen,hwestfalen80@msn.com,dev,marketing,12/27/2020,10/13/2020,110588.6,true
290,Heida,Romaine,hromaine81@icio.us,dev,engineering,2/27/2016,12/17/2018,75127.58,true
291,Mellisent,Oughton,moughton82@artisteer.com,dev,engineering,6/23/2017,2/6/2011,96384.23,false
292,Madeleine,Hollyard,mhollyard83@technorati.com,prod,sales,1/18/2018,1/2/2022,22975.99,true
293,Anny,Hissie,ahissie84@prnewswire.com,test,marketing,8/3/2019,8/11/2013,101819.99,false
294,Jessi,Bramstom,jbramstom85@blogtalkradio.com,prod,marketing,12/2/2021,10/22/2018,134454.53,false
295,Killian,Nys,knys86@xrea.com,dev,marketing,3/11/2015,6/12/2014,50053.49,true
296,Derril,Chooter,dchooter87@opensource.org,test,engineering,10/27/2011,11/2/2020,23941.6,true
297,Kameko,Brideoke,kbrideoke88@google.ca,prod,marketing,9/26/2021,6/23/2011,129558.99,false
298,Tallulah,Storah,tstorah89@macromedia.com,prod,sales,6/25/2010,9/3/2020,98741.47,false
299,Hillie,Joul,hjoul8a@time.com,dev,marketing,11/24/2011,4/12/2019,37260.45,true
300,Archibold,Dayce,adayce8b@wix.com,test,marketing,4/1/2021,4/28/2010,137333.11,true
301,Allan,Eller,aeller8c@trellian.com,dev,engineering,9/27/2011,7/6/2012,31507.61,false
302,Alysa,Latter,alatter8d@google.de,prod,sales,4/22/2021,8/8/2012,28541.9,false
303,Mort,Lux,mlux8e@house.gov,prod,marketing,8/27/2018,8/10/2020,64993.19,false
304,Trista,Mathen,tmathen8f@livejournal.com,dev,marketing,9/19/2017,9/29/2018,98988.34,false
305,Cassey,Gostridge,cgostridge8g@usatoday.com,dev,marketing,10/31/2011,8/30/2014,24506.54,true
306,Anet,Stibbs,astibbs8h@canalblog.com,test,marketing,6/8/2022,10/15/2010,87800.45,false
307,Sheba,Joret,sjoret8i@boston.com,dev,marketing,3/28/2022,12/8/2018,74630.34,false
308,Krishnah,Berkelay,kberkelay8j@house.gov,dev,marketing,7/24/2011,4/14/2018,49069.31,false
309,Dusty,Gilchrest,dgilchrest8k@berkeley.edu,dev,marketing,12/4/2013,12/7/2013,104935.56,false
310,Alisa,Zecchi,azecchi8l@samsung.com,dev,sales,2/11/2019,5/6/2018,22218.22,true
311,Jada,Pude,jpude8m@gravatar.com,test,engineering,4/1/2011,10/20/2018,121227.14,false
312,Keri,Deneve,kdeneve8n@dropbox.com,dev,sales,12/13/2022,4/11/2012,146017.87,false
313,Wheeler,McPhater,wmcphater8o@cloudflare.com,prod,engineering,6/16/2017,10/13/2022,126119.09,false
314,Wash,Stuart,wstuart8p@loc.gov,dev,engineering,8/2/2022,4/11/2015,95672.8,true
315,Anni,Shearme,ashearme8q@ezinearticles.com,prod,marketing,12/6/2010,3/19/2015,91227.69,false
316,Lorettalorna,Cobbold,lcobbold8r@scribd.com,prod,sales,10/6/2022,3/18/2011,38980.92,false
317,Gilda,Aronsohn,garonsohn8s@ebay.com,test,marketing,9/6/2013,3/18/2015,147920.85,false
318,Linnie,Scardifield,lscardifield8t@sciencedaily.com,test,engineering,3/7/2014,10/2/2012,46821.46,false
319,Wallace,Dimitriev,wdimitriev8u@com.com,prod,marketing,2/16/2014,8/12/2017,31940.66,true
320,Easter,Straker,estraker8v@cbc.ca,dev,engineering,3/18/2012,2/15/2015,121767.38,false
321,Lisbeth,Klasing,lklasing8w@howstuffworks.com,dev,sales,12/11/2017,12/16/2012,146924.85,false
322,Bev,Ross,bross8x@springer.com,prod,sales,6/6/2016,2/1/2021,93069.21,true
323,Nicola,Reekie,nreekie8y@elegantthemes.com,test,sales,7/30/2011,5/30/2013,98713.49,true
324,Les,Milbourne,lmilbourne8z@netvibes.com,prod,engineering,4/26/2021,6/12/2010,94436.05,false
325,Rik,Leguay,rleguay90@cnn.com,dev,engineering,11/22/2010,7/3/2011,43790.46,false
326,Robinet,O'Mullaney,romullaney91@behance.net,prod,marketing,11/13/2021,5/4/2019,60641.81,false
327,Haroun,Kestian,hkestian92@t-online.de,prod,marketing,3/5/2010,3/23/2021,30738.31,false
328,Wilhelmine,Cicutto,wcicutto93@youtu.be,dev,marketing,10/28/2013,5/11/2020,28928.9,false
329,Manon,Adelberg,madelberg94@pen.io,dev,sales,1/28/2015,3/31/2016,45184.59,false
330,Jacklyn,Oxenham,joxenham95@lulu.com,dev,sales,10/11/2011,2/19/2013,57935.62,false
331,Tommy,Piccard,tpiccard96@wiley.com,test,engineering,12/8/2019,10/30/2022,41019.12,true
332,Lucila,Thomtson,lthomtson97@intel.com,prod,sales,10/25/2014,2/23/2017,41599.18,true
333,Verna,Dun,vdun98@ifeng.com,prod,engineering,1/1/2022,6/17/2015,72166.72,false
334,Maximilianus,Simnell,msimnell99@theguardian.com,test,marketing,3/12/2017,11/27/2012,103516.6,true
335,Sammie,Burgess,sburgess9a@salon.com,prod,engineering,4/26/2013,11/8/2014,44885.47,true
336,Ernest,Macvain,emacvain9b@ask.com,test,marketing,6/12/2010,9/17/2014,146007.73,true
337,Rois,Aylward,raylward9c@feedburner.com,dev,sales,3/22/2016,9/18/2022,110084.75,false
338,Alva,MacLaig,amaclaig9d@people.com.cn,dev,engineering,2/15/2020,12/9/2021,109630.28,false
339,Konrad,Andreev,kandreev9e@jugem.jp,prod,engineering,4/15/2018,1/7/2020,127261.69,true
340,Gustie,Garlant,ggarlant9f@cornell.edu,test,marketing,3/12/2012,12/10/2021,137935.62,false
341,Tasia,Pardue,tpardue9g@cbslocal.com,dev,marketing,6/8/2015,8/27/2021,88520.14,true
342,Madalena,Grimsell,mgrimsell9h@homestead.com,dev,engineering,11/11/2021,6/21/2016,24536.5,true
343,Ronni,Catterall,rcatterall9i@businessweek.com,test,engineering,2/6/2021,12/10/2018,130208.23,true
344,Shela,Kinsella,skinsella9j@lycos.com,prod,marketing,4/16/2013,1/8/2019,25126.85,true
345,Carmelle,Minchi,cminchi9k@cdc.gov,dev,marketing,12/20/2018,10/24/2022,133655.78,false
346,Mic,Conochie,mconochie9l@marketwatch.com,prod,engineering,8/23/2021,12/30/2020,71191.25,true
347,Flossie,Salisbury,fsalisbury9m@symantec.com,dev,sales,8/11/2011,5/24/2018,116097.96,true
348,Juli,Creber,jcreber9n@163.com,prod,marketing,3/16/2020,5/24/2016,73172.78,true
349,Tobit,Randals,trandals9o@jimdo.com,dev,sales,4/9/2018,5/17/2017,118458.89,false
350,Lazaro,Oulett,loulett9p@blogtalkradio.com,dev,marketing,5/22/2021,4/27/2016,40487.85,false
351,Linette,Lancashire,llancashire9q@e-recht24.de,test,marketing,5/31/2010,11/19/2015,76097.82,true
352,Wilek,Jzhakov,wjzhakov9r@hubpages.com,dev,sales,4/1/2014,7/7/2013,105730.4,true
353,Martainn,Fieldhouse,mfieldhouse9s@goo.ne.jp,prod,engineering,7/11/2014,5/25/2010,82628.3,false
354,Kevin,Edmundson,kedmundson9t@accuweather.com,test,marketing,8/9/2014,12/11/2011,60133.84,true
355,Kinna,Leathley,kleathley9u@usgs.gov,dev,marketing,6/22/2013,7/30/2021,46792.5,false
356,Mauricio,Shinner,mshinner9v@opensource.org,prod,engineering,10/8/2016,10/30/2015,67417.21,true
357,Findlay,Kruse,fkruse9w@ft.com,prod,sales,9/14/2016,12/19/2016,144142.31,true
358,Stephie,Dunniom,sdunniom9x@hibu.com,prod,engineering,8/1/2015,6/12/2011,29444.35,false
359,Fraze,Duffin,fduffin9y@woothemes.com,prod,marketing,10/23/2011,9/21/2011,64374.87,false
360,Chicky,Joubert,cjoubert9z@nymag.com,test,engineering,10/30/2019,5/18/2012,102617.62,false
361,Selie,Barstowk,sbarstowka0@constantcontact.com,prod,sales,4/2/2019,8/9/2020,33582.16,false
362,Nicole,Wiggam,nwiggama1@dropbox.com,prod,engineering,6/18/2013,10/10/2022,27498.08,false
363,Trey,Fearney,tfearneya2@businessweek.com,dev,sales,4/8/2010,1/25/2022,96098.1,true
364,Margeaux,Doulton,mdoultona3@auda.org.au,prod,engineering,11/23/2013,8/23/2011,145221.41,false
365,Codie,Robert,croberta4@addtoany.com,dev,engineering,4/15/2019,11/17/2013,70540.66,false
366,Harmon,Hilling,hhillinga5@bluehost.com,dev,marketing,9/28/2011,6/21/2010,131963.53,false
367,Dalli,Spavon,dspavona6@flavors.me,dev,marketing,3/14/2019,4/4/2019,107398.85,false
368,Roderich,Pehrsson,rpehrssona7@ezinearticles.com,dev,marketing,1/24/2013,5/13/2018,40640.81,false
369,Leta,Cawson,lcawsona8@topsy.com,test,sales,10/7/2016,11/28/2018,50626.56,false
370,Elias,Tremblay,etremblaya9@europa.eu,prod,marketing,10/1/2019,1/28/2013,91181.84,false
371,Cornie,Dallimare,cdallimareaa@cdc.gov,prod,engineering,8/25/2021,5/9/2011,56233.92,true
372,Neville,Inch,ninchab@php.net,dev,sales,2/9/2013,5/6/2021,77580.51,true
373,Dunc,Dummigan,ddummiganac@biblegateway.com,test,marketing,5/21/2013,6/8/2012,87500.51,false
374,Patton,Parncutt,pparncuttad@nps.gov,prod,engineering,9/3/2013,2/13/2022,40622.5,false
375,Aviva,Merrison,amerrisonae@answers.com,dev,engineering,1/9/2021,1/29/2015,27927.05,true
376,Agnesse,Kilmurry,akilmurryaf@twitpic.com,prod,sales,3/15/2021,5/6/2019,98616.13,false
377,Ricki,Seman,rsemanag@cdbaby.com,dev,engineering,6/12/2018,7/31/2016,108540.91,true
378,Cyndie,Vest,cvestah@seattletimes.com,prod,marketing,4/14/2021,11/29/2019,101769.79,false
379,Mollie,Frushard,mfrushardai@latimes.com,prod,engineering,7/24/2012,3/22/2020,77142.58,true
380,Niles,Walas,nwalasaj@prlog.org,dev,sales,11/3/2019,5/12/2020,116320.49,false
381,Ephrayim,Burless,eburlessak@dropbox.com,prod,engineering,9/26/2011,2/10/2019,35370.35,true
382,Osmond,Whyteman,owhytemanal@fema.gov,dev,sales,7/14/2011,5/11/2014,116245.22,false
383,Cayla,Mountstephen,cmountstephenam@behance.net,test,engineering,12/6/2013,3/8/2021,143848.61,false
384,Wright,Asman,wasmanan@hud.gov,test,sales,8/3/2017,6/8/2012,118222.47,false
385,Rudolph,Arlt,rarltao@wikia.com,dev,marketing,5/26/2014,2/19/2022,130246.92,true
386,Deerdre,Rape,drapeap@hibu.com,test,sales,9/6/2021,5/27/2015,94378.15,false
387,Tillie,Haliburn,thaliburnaq@shinystat.com,prod,marketing,1/1/2016,3/3/2018,101862.82,true
388,Julianna,Ianilli,jianilliar@chicagotribune.com,prod,sales,10/28/2012,11/4/2015,62663.86,false
389,Leontine,Laskey,llaskeyas@digg.com,test,sales,11/14/2018,2/10/2022,77353.4,false
390,Laurent,Whitington,lwhitingtonat@xinhuanet.com,prod,sales,2/5/2020,4/9/2014,143437.44,true
391,Aloisia,McRavey,amcraveyau@slate.com,dev,marketing,11/9/2015,7/12/2010,148422.07,true
392,Vinson,Stocker,vstockerav@miitbeian.gov.cn,test,engineering,6/21/2018,6/1/2019,54036.51,true
393,Saxon,MacCathay,smaccathayaw@wordpress.com,dev,sales,5/30/2021,7/15/2021,90221.74,true
394,Mignon,Redborn,mredbornax@studiopress.com,test,marketing,1/16/2010,9/7/2015,26018.06,true
395,Nowell,Paxforde,npaxfordeay@businessweek.com,dev,marketing,1/9/2020,7/14/2010,111385.0,false
396,Obadiah,Dailey,odaileyaz@cam.ac.uk,prod,marketing,3/19/2016,4/19/2020,142695.54,false
397,Ev,Spacy,espacyb0@weebly.com,test,sales,8/1/2013,10/24/2017,133828.48,false
398,Glen,Sciusscietto,gsciussciettob1@plala.or.jp,dev,sales,5/27/2018,4/18/2021,88295.19,true
399,Annabel,Caudwell,acaudwellb2@sohu.com,dev,engineering,9/15/2020,12/25/2015,91893.1,true
400,Romain,Ellams,rellamsb3@nps.gov,dev,engineering,7/26/2014,11/6/2017,131647.03,true
401,Richy,Cato,rcatob4@vimeo.com,dev,sales,9/20/2015,4/10/2022,145200.38,true
402,Joelly,Claessens,jclaessensb5@networkadvertising.org,dev,engineering,11/19/2022,3/18/2016,79266.04,false
403,Evelyn,Gillbee,egillbeeb6@buzzfeed.com,prod,marketing,8/23/2015,7/10/2010,66383.61,true
404,Marsiella,Kerrod,mkerrodb7@miibeian.gov.cn,test,engineering,6/12/2020,11/21/2019,102446.32,true
405,Andras,Baddoe,abaddoeb8@deviantart.com,dev,engineering,7/8/2013,11/21/2010,101182.99,false
406,Claudina,Cyphus,ccyphusb9@ezinearticles.com,prod,sales,3/20/2016,2/1/2013,136334.02,false
407,Brittani,Wolstenholme,bwolstenholmeba@slashdot.org,prod,sales,7/1/2019,12/3/2019,57427.76,false
408,Alasteir,Sustin,asustinbb@sina.com.cn,prod,marketing,10/19/2015,6/9/2011,135393.3,true
409,Enoch,Le Ball,eleballbc@cargocollective.com,prod,engineering,8/7/2022,1/30/2010,37292.25,false
410,Meggy,De Ambrosis,mdeambrosisbd@dyndns.org,prod,engineering,11/21/2012,3/20/2017,94936.39,true
411,Kennie,Cartlidge,kcartlidgebe@npr.org,prod,marketing,7/18/2013,9/24/2014,105038.72,false
412,Bee,Philot,bphilotbf@paypal.com,dev,sales,11/10/2011,3/2/2011,65657.52,false
413,Basil,Fludder,bfludderbg@blog.com,dev,marketing,12/22/2016,3/21/2013,128666.61,true
414,Leslie,Halcro,lhalcrobh@fotki.com,test,marketing,5/23/2012,3/6/2019,47902.86,true
415,Marji,Robet,mrobetbi@histats.com,prod,marketing,11/24/2016,8/16/2022,147435.65,false
416,Brannon,Woollin,bwoollinbj@reference.com,prod,sales,8/27/2018,4/7/2022,40765.38,false
417,Aime,Simmings,asimmingsbk@cnn.com,prod,sales,6/21/2017,5/6/2017,100997.2,false
418,Annmarie,Pagel,apagelbl@nytimes.com,prod,sales,3/17/2021,5/30/2018,28458.3,false
419,Lorenzo,Tooher,ltooherbm@patch.com,test,engineering,4/1/2020,4/24/2019,27866.54,true
420,Johannes,Lafont,jlafontbn@cnn.com,test,marketing,5/30/2020,10/23/2013,139981.95,true
421,Currey,Rockey,crockeybo@issuu.com,dev,sales,2/5/2015,12/18/2016,131984.37,false
422,Flora,Slainey,fslaineybp@reference.com,test,marketing,8/6/2017,8/26/2013,24393.11,true
423,Roderich,Ludgate,rludgatebq@seattletimes.com,prod,engineering,8/12/2021,7/2/2018,30782.62,true
424,Mureil,Bardwell,mbardwellbr@scribd.com,prod,marketing,2/13/2017,1/26/2022,98190.76,true
425,Gisele,Rillett,grillettbs@feedburner.com,prod,engineering,8/2/2022,12/25/2010,131875.59,true
426,Jeffrey,Assard,jassardbt@mac.com,prod,engineering,6/24/2019,11/2/2013,146534.02,true
427,Juanita,Duckels,jduckelsbu@tiny.cc,dev,sales,8/10/2015,11/20/2020,77873.84,true
428,Barney,Poyser,bpoyserbv@biglobe.ne.jp,prod,sales,3/19/2011,3/8/2014,96799.15,true
429,Levi,Matias,lmatiasbw@mediafire.com,prod,marketing,1/24/2018,7/23/2017,142402.41,false
430,Lida,Guirau,lguiraubx@blinklist.com,test,sales,9/9/2021,7/27/2017,36018.51,false
431,Jan,Illingsworth,jillingsworthby@columbia.edu,test,engineering,11/12/2020,9/21/2018,83701.89,true
432,Amy,Follit,afollitbz@nih.gov,dev,engineering,9/14/2022,8/19/2014,84662.61,false
433,Pete,Gowing,pgowingc0@reuters.com,prod,marketing,6/9/2021,10/2/2017,103531.89,false
434,Panchito,Hazeldene,phazeldenec1@bizjournals.com,prod,engineering,5/1/2015,5/15/2011,77796.48,false
435,Bethany,Ciepluch,bciepluchc2@cbslocal.com,prod,sales,6/4/2017,3/17/2019,102348.95,false
436,Ag,Micah,amicahc3@statcounter.com,dev,sales,11/2/2017,12/19/2011,119040.61,false
437,Pearle,Mirfin,pmirfinc4@blogspot.com,prod,sales,7/22/2022,8/24/2021,138855.15,true
438,Dode,Heape,dheapec5@ucsd.edu,prod,marketing,11/28/2022,10/24/2010,115991.15,true
439,Rebe,Emmott,remmottc6@surveymonkey.com,test,marketing,6/5/2015,2/1/2011,63556.55,true
440,Melantha,Muzzini,mmuzzinic7@bbc.co.uk,prod,sales,2/21/2011,1/15/2012,114068.27,false
441,Greer,Poxon,gpoxonc8@desdev.cn,prod,marketing,5/29/2010,1/1/2017,90108.65,true
442,Moshe,Fitkin,mfitkinc9@meetup.com,test,engineering,5/14/2010,7/5/2015,117392.93,true
443,Thomasin,Maffeo,tmaffeoca@ucoz.com,test,marketing,2/14/2016,3/31/2017,107236.76,true
444,Harlie,Sturch,hsturchcb@apache.org,dev,engineering,12/16/2011,4/10/2010,125438.46,false
445,Worthington,Gorman,wgormancc@constantcontact.com,dev,sales,2/29/2012,4/10/2021,142779.08,false
446,Shelly,Clemmen,sclemmencd@newsvine.com,test,engineering,7/5/2020,3/6/2021,146026.3,true
447,Edmon,Albrooke,ealbrookece@netlog.com,prod,engineering,1/16/2019,8/17/2019,35232.25,true
448,Obidiah,Fiddiman,ofiddimancf@ed.gov,dev,marketing,6/16/2016,5/29/2010,131099.43,false
449,Brigg,Jobson,bjobsoncg@cdbaby.com,dev,sales,5/13/2010,7/1/2019,130484.85,false
450,Tabbi,MattiCCI,tmatticcich@symantec.com,test,engineering,12/25/2022,4/5/2017,132589.21,true
451,Jere,Fowler,jfowlerci@hatena.ne.jp,dev,sales,12/14/2021,7/17/2014,81035.53,false
452,Jammie,Leile,jleilecj@wikispaces.com,test,marketing,12/14/2010,7/5/2017,76410.85,false
453,Emanuele,Gateshill,egateshillck@issuu.com,dev,engineering,12/4/2011,12/28/2015,123443.1,true
454,Dell,Perkins,dperkinscl@bloglovin.com,test,engineering,3/22/2014,8/9/2011,98991.42,false
455,Alanah,Merryfield,amerryfieldcm@indiatimes.com,dev,engineering,9/25/2015,8/12/2022,146840.21,false
456,Errol,McKenny,emckennycn@sakura.ne.jp,test,marketing,7/6/2011,9/12/2021,83743.74,true
457,Prince,Antoniazzi,pantoniazzico@nature.com,dev,marketing,9/14/2016,12/19/2018,89358.25,true
458,Ross,Buggs,rbuggscp@redcross.org,dev,engineering,7/31/2015,10/8/2010,118290.33,true
459,Rinaldo,Blazic,rblaziccq@reuters.com,prod,engineering,6/15/2014,2/12/2012,43704.05,false
460,Audra,Chaudhry,achaudhrycr@cyberchimps.com,test,sales,9/10/2021,9/13/2017,123009.94,true
461,Eb,Serris,eserriscs@mit.edu,dev,engineering,11/26/2012,9/12/2011,114570.78,false
462,Noelani,Morando,nmorandoct@scientificamerican.com,dev,engineering,7/26/2017,3/18/2013,50398.55,false
463,Demetrius,Caughtry,dcaughtrycu@slashdot.org,dev,sales,6/11/2010,5/12/2010,118104.12,true
464,Caryl,Vaggs,cvaggscv@sohu.com,prod,marketing,7/18/2010,5/7/2011,91117.26,true
465,Dianemarie,Gronw,dgronwcw@bing.com,dev,marketing,5/4/2015,8/1/2018,113495.01,true
466,Lilian,Devany,ldevanycx@netscape.com,dev,marketing,3/28/2015,2/23/2020,97740.82,true
467,Stern,Hedaux,shedauxcy@barnesandnoble.com,test,marketing,7/23/2018,2/5/2010,91666.53,false
468,Hillard,Girt,hgirtcz@wikimedia.org,test,sales,2/15/2021,11/29/2017,71243.4,false
469,Clem,Stradling,cstradlingd0@gmpg.org,dev,marketing,9/29/2020,9/25/2012,22918.7,true
470,Charley,Lorent,clorentd1@si.edu,test,sales,2/3/2011,2/28/2018,130380.45,false
471,Harald,Penticoot,hpenticootd2@abc.net.au,dev,marketing,7/17/2011,3/9/2015,56789.17,false
472,Izak,Hubber,ihubberd3@theglobeandmail.com,prod,sales,10/25/2021,6/17/2017,107782.2,true
473,Tracee,Diack,tdiackd4@tinypic.com,dev,sales,1/19/2015,6/7/2019,147258.7,false
474,Renelle,Lambdon,rlambdond5@ycombinator.com,dev,engineering,9/5/2015,11/18/2013,102507.16,true
475,Henryetta,Tuckwood,htuckwoodd6@networksolutions.com,test,sales,3/31/2014,9/27/2012,86585.31,false
476,Sky,Hunday,shundayd7@columbia.edu,dev,sales,9/20/2021,6/11/2022,84320.59,false
477,Sutherlan,Leindecker,sleindeckerd8@wikipedia.org,prod,marketing,6/5/2020,11/25/2012,26803.65,true
478,Jerrome,Hobgen,jhobgend9@cargocollective.com,test,sales,1/22/2015,5/16/2020,139259.54,false
479,Dyann,Ogilby,dogilbyda@tuttocitta.it,test,sales,6/22/2020,2/10/2012,144087.42,true
480,Bobbye,Crack,bcrackdb@msu.edu,test,marketing,4/24/2017,7/30/2011,70863.33,false
481,Caspar,Haslen,chaslendc@house.gov,test,sales,10/10/2015,7/7/2022,84934.13,true
482,Roi,Anfrey,ranfreydd@blogger.com,dev,engineering,3/7/2015,11/29/2016,103399.28,false
483,Rianon,Fosdike,rfosdikede@lycos.com,prod,engineering,9/7/2011,7/30/2013,40856.89,false
484,Iseabal,Paton,ipatondf@netvibes.com,prod,sales,10/19/2017,2/22/2010,84318.57,false
485,Audre,Shine,ashinedg@merriam-webster.com,dev,marketing,12/23/2010,2/8/2018,148653.65,false
486,Yolane,Gibbetts,ygibbettsdh@wordpress.com,dev,marketing,4/16/2012,7/21/2013,81600.14,false
487,Hannah,Bartke,hbartkedi@apache.org,dev,sales,1/5/2020,9/23/2015,86041.03,true
488,Robina,Galletly,rgalletlydj@bbb.org,test,sales,11/9/2022,4/30/2012,134009.98,false
489,Arleta,Stoyles,astoylesdk@1und1.de,dev,marketing,12/10/2012,1/5/2022,135479.55,true
490,Enrichetta,Grattan,egrattandl@diigo.com,dev,sales,8/24/2017,9/6/2018,50565.52,false
491,Shaine,Viel,svieldm@dell.com,test,sales,10/29/2010,5/5/2019,94675.43,true
492,Raffarty,Viger,rvigerdn@addtoany.com,test,engineering,3/26/2018,5/31/2015,102184.78,false
493,Farley,Nunan,fnunando@cpanel.net,prod,engineering,12/12/2019,4/3/2013,128997.78,false
494,Dolorita,Koch,dkochdp@bloomberg.com,test,engineering,11/26/2018,10/21/2011,147716.19,true
495,Melony,Omond,momonddq@about.me,test,marketing,2/23/2018,6/19/2015,124836.27,true
496,Sherman,Corr,scorrdr@linkedin.com,prod,sales,3/13/2018,12/25/2021,33467.58,true
497,Kaitlin,Foker,kfokerds@opensource.org,dev,marketing,12/1/2011,5/18/2021,144909.16,true
498,Seline,Ree,sreedt@deviantart.com,dev,engineering,3/9/2015,7/28/2019,76773.43,true
499,Gasper,Dulin,gdulindu@mysql.com,test,engineering,10/4/2022,5/23/2022,127365.22,false
500,Colline,Dunphie,cdunphiedv@google.com,test,marketing,7/8/2019,9/15/2011,124813.63,false
501,Johnny,O'Howbane,johowbanedw@cbslocal.com,test,engineering,9/13/2014,12/13/2013,112789.96,true
502,Elianore,Frowd,efrowddx@blogtalkradio.com,dev,marketing,10/3/2012,11/5/2021,35900.8,false
503,Jessee,Maletratt,jmaletrattdy@pagesperso-orange.fr,prod,marketing,6/16/2012,11/25/2021,101541.83,true
504,Emili,Hardwich,ehardwichdz@1688.com,prod,engineering,8/3/2013,11/16/2013,144725.21,true
505,Herrick,Ickowicz,hickowicze0@aboutads.info,prod,engineering,10/28/2022,11/27/2021,31219.16,false
506,Jacobo,Verecker,jvereckere1@github.io,prod,engineering,9/7/2022,10/17/2013,89686.3,true
507,Amelina,Corrie,acorriee2@hugedomains.com,dev,marketing,5/4/2021,4/21/2021,46401.9,false
508,Derwin,Mash,dmashe3@cnn.com,prod,marketing,10/6/2016,2/24/2015,76763.64,true
509,Darline,Kinastan,dkinastane4@instagram.com,test,sales,1/31/2013,4/12/2015,78684.0,false
510,Wye,Wilflinger,wwilflingere5@seesaa.net,test,engineering,6/6/2015,10/11/2012,43950.09,false
511,Rosabella,Wooton,rwootone6@house.gov,test,engineering,10/20/2018,2/7/2021,144115.46,false
512,Deina,Flahy,dflahye7@simplemachines.org,dev,engineering,6/30/2021,5/31/2020,113264.41,false
513,Joycelin,Cisco,jciscoe8@parallels.com,test,sales,4/22/2010,6/26/2020,147086.1,false
514,Kari,Barnes,kbarnese9@google.com,test,engineering,9/11/2013,12/9/2022,30733.39,true
515,Kaitlin,Roofe,kroofeea@typepad.com,dev,sales,1/6/2015,12/15/2021,29819.33,true
516,Padget,Gorvin,pgorvineb@mapy.cz,prod,sales,6/24/2013,11/13/2011,136269.85,true
517,Felix,Stiling,fstilingec@redcross.org,prod,engineering,12/31/2018,2/6/2013,50177.6,false
518,Ruperta,Thredder,rthreddered@list-manage.com,prod,engineering,8/20/2015,5/31/2012,144692.21,false
519,Dosi,O'Duane,doduaneee@weibo.com,test,marketing,6/21/2016,2/4/2010,73040.22,false
520,Issiah,Choudhury,ichoudhuryef@blog.com,test,sales,4/15/2020,7/28/2021,113736.18,true
521,Lazar,Stronack,lstronackeg@nytimes.com,dev,sales,6/22/2019,11/4/2018,123875.85,false
522,Brett,Alexandrou,balexandroueh@princeton.edu,dev,engineering,1/26/2011,9/24/2019,133133.71,true
523,Radcliffe,Renner,rrennerei@amazon.com,test,sales,7/5/2021,7/29/2018,24953.15,true
524,Cinnamon,Devonport,cdevonportej@blogspot.com,prod,marketing,7/13/2020,8/3/2020,122206.0,false
525,Ivie,Plewman,iplewmanek@latimes.com,prod,sales,2/26/2013,9/28/2020,88626.62,false
526,Rhody,Thundercliffe,rthundercliffeel@facebook.com,prod,marketing,4/12/2016,3/8/2015,126140.72,true
527,Ken,Cardoe,kcardoeem@alibaba.com,test,engineering,6/15/2013,4/9/2013,120510.37,false
528,Janet,Langley,jlangleyen@discuz.net,dev,engineering,5/29/2017,9/20/2016,65731.59,false
529,Ariana,Rapport,arapporteo@angelfire.com,dev,engineering,10/10/2010,9/28/2013,33325.31,true
530,Shirlee,Westoff,swestoffep@quantcast.com,dev,engineering,11/26/2016,4/28/2020,38429.29,false
531,Larine,Gaskall,lgaskalleq@whitehouse.gov,prod,sales,5/17/2017,7/30/2018,46909.83,true
532,Granville,Bytheway,gbythewayer@patch.com,dev,sales,7/13/2010,2/26/2020,88889.71,false
533,Aubrey,Blacket,ablacketes@live.com,dev,marketing,5/19/2014,12/5/2014,76423.64,true
534,Brigg,Agg,bagget@yale.edu,dev,sales,8/7/2010,1/19/2022,134536.04,true
535,Dian,Goggins,dgogginseu@yellowbook.com,dev,marketing,1/5/2015,8/11/2019,49363.39,true
536,Melissa,Stolberg,mstolbergev@technorati.com,prod,engineering,7/26/2022,9/26/2013,85714.42,true
537,Berty,Kybbye,bkybbyeew@google.it,prod,sales,9/27/2017,12/18/2014,77779.42,false
538,Herve,Linnell,hlinnellex@bbb.org,dev,engineering,5/9/2020,5/7/2016,108419.47,true
539,Ingrim,Hayesman,ihayesmaney@blogspot.com,dev,engineering,5/29/2019,1/2/2014,131327.17,false
540,Amil,Clemmens,aclemmensez@comsenz.com,prod,marketing,2/4/2019,10/29/2014,109966.56,true
541,Stanislaus,Reder,srederf0@hao123.com,test,marketing,5/9/2017,8/13/2018,87160.2,true
542,Cathe,Robet,crobetf1@mozilla.com,dev,engineering,8/23/2020,11/29/2010,69472.34,false
543,Gerhardt,Bootyman,gbootymanf2@rediff.com,test,engineering,8/20/2010,7/4/2012,67654.21,true
544,Xenos,Djurisic,xdjurisicf3@narod.ru,dev,marketing,8/30/2019,4/25/2017,51360.37,true
545,Godwin,Winterscale,gwinterscalef4@fc2.com,prod,engineering,1/9/2016,8/5/2021,140525.43,true
546,Catina,Eallis,ceallisf5@usa.gov,prod,sales,1/3/2014,5/17/2021,89602.45,false
547,Kristyn,Hellyer,khellyerf6@about.com,dev,sales,11/26/2021,9/8/2019,87682.44,false
548,Rodney,Basini-Gazzi,rbasinigazzif7@flickr.com,prod,engineering,4/25/2012,4/25/2018,23138.33,true
549,Ray,Wrankmore,rwrankmoref8@t-online.de,prod,marketing,4/22/2019,7/18/2018,41371.07,false
550,Melicent,Chanter,mchanterf9@engadget.com,dev,marketing,7/14/2012,4/1/2016,112798.69,true
551,Manon,Tawton,mtawtonfa@cargocollective.com,test,engineering,3/28/2019,2/17/2019,81763.08,true
552,Del,Kobsch,dkobschfb@intel.com,prod,engineering,3/22/2017,12/9/2014,39392.7,false
553,Rose,Kevis,rkevisfc@creativecommons.org,prod,marketing,8/19/2015,3/14/2022,54473.84,false
554,Tate,Roseman,trosemanfd@mashable.com,test,marketing,1/13/2019,8/1/2019,87604.98,false
555,Annalise,McCreery,amccreeryfe@wired.com,prod,sales,4/23/2014,11/17/2019,44320.26,false
556,Kristian,Luttger,kluttgerff@geocities.jp,prod,sales,10/29/2020,9/21/2019,24140.6,false
557,Zorana,Vasler,zvaslerfg@mozilla.com,prod,sales,4/26/2016,12/28/2011,50649.81,true
558,Chrystel,Rissom,crissomfh@wired.com,test,marketing,5/27/2015,5/16/2016,98010.78,true
559,Curtice,Solomonides,csolomonidesfi@hp.com,prod,marketing,2/27/2018,12/10/2018,88742.76,true
560,Skell,Kepe,skepefj@wufoo.com,dev,engineering,12/17/2012,10/6/2019,90070.81,false
561,Jeramey,Brumfitt,jbrumfittfk@sakura.ne.jp,test,engineering,7/12/2019,6/21/2020,73696.0,false
562,Becki,Venes,bvenesfl@opera.com,test,marketing,12/16/2014,1/11/2014,29662.92,true
563,Ada,Barritt,abarrittfm@g.co,dev,marketing,1/26/2014,11/3/2014,121707.41,false
564,Kikelia,Jasik,kjasikfn@yelp.com,dev,engineering,4/13/2019,9/7/2013,134798.4,true
565,Tedra,Rossant,trossantfo@twitpic.com,dev,sales,7/28/2019,6/22/2018,81761.71,false
566,Phillipp,Tebbs,ptebbsfp@skype.com,prod,marketing,10/17/2013,12/24/2020,120250.36,false
567,Claretta,Lowell,clowellfq@patch.com,test,engineering,9/16/2015,1/22/2021,100223.89,true
568,Gwenneth,Asprey,gaspreyfr@tiny.cc,prod,marketing,6/27/2015,11/27/2016,119447.4,true
569,Siegfried,Crammy,scrammyfs@google.fr,prod,engineering,8/6/2011,3/23/2014,71274.63,false
570,Teddi,Mylchreest,tmylchreestft@nps.gov,test,marketing,5/30/2014,11/24/2010,123442.94,false
571,Tristam,Currier,tcurrierfu@studiopress.com,prod,marketing,2/2/2016,12/6/2017,32222.26,false
572,Lucila,Olivie,loliviefv@so-net.ne.jp,prod,marketing,7/31/2021,1/21/2016,126061.5,false
573,Francine,Willishire,fwillishirefw@scribd.com,dev,sales,9/3/2018,6/28/2011,147163.66,true
574,Timothee,Bessett,tbessettfx@nasa.gov,prod,sales,7/11/2022,1/19/2014,45542.71,false
575,Dalis,Larive,dlarivefy@earthlink.net,dev,engineering,4/8/2015,5/11/2016,113428.36,true
576,Zulema,Sturley,zsturleyfz@godaddy.com,test,marketing,5/11/2011,11/14/2015,79934.88,true
577,Cos,Bridgman,cbridgmang0@zdnet.com,dev,engineering,4/27/2018,2/5/2016,56937.09,true
578,Lita,Mugglestone,lmugglestoneg1@discuz.net,prod,marketing,7/8/2020,4/27/2019,44306.91,true
579,Quintin,Minero,qminerog2@blinklist.com,prod,sales,5/16/2015,2/22/2012,95681.46,true
580,Koral,Cranfield,kcranfieldg3@ocn.ne.jp,test,sales,6/14/2020,4/23/2010,113243.67,true
581,Torrey,Staff,tstaffg4@360.cn,prod,sales,6/7/2017,2/5/2021,142293.86,false
582,Allyn,Knowlson,aknowlsong5@wikispaces.com,dev,sales,10/3/2011,5/13/2012,106630.42,true
583,Tades,Pedrozzi,tpedrozzig6@163.com,prod,sales,9/5/2018,4/20/2014,34718.18,false
584,Brunhilde,Growcott,bgrowcottg7@forbes.com,prod,marketing,11/22/2010,4/22/2022,50900.51,true
585,Saundra,Agates,sagatesg8@deviantart.com,dev,engineering,1/13/2011,2/14/2012,76242.48,true
586,Wynn,Haryngton,wharyngtong9@trellian.com,prod,sales,1/25/2013,1/23/2021,112474.06,false
587,Basilius,Battell,bbattellga@ifeng.com,dev,sales,5/24/2016,7/31/2014,127860.06,false
588,Vernice,Colleton,vcolletongb@shareasale.com,dev,engineering,2/9/2019,6/14/2011,145849.16,true
589,Lela,Rushmer,lrushmergc@si.edu,dev,marketing,11/3/2019,6/1/2020,107996.62,false
590,Burgess,Skeleton,bskeletongd@zimbio.com,dev,marketing,3/27/2017,7/21/2014,101519.22,true
591,Karyl,Elstow,kelstowge@home.pl,prod,engineering,4/15/2013,3/3/2014,68839.87,false
592,Babbette,Peachey,bpeacheygf@smugmug.com,prod,marketing,9/6/2014,11/19/2013,72972.39,true
593,Cyndia,Lauchlan,clauchlangg@dailymotion.com,test,sales,10/10/2019,7/21/2011,103418.53,true
594,Adorne,Pogue,apoguegh@twitpic.com,test,engineering,12/4/2016,1/29/2019,119202.36,false
595,Hatti,Seabert,hseabertgi@reverbnation.com,dev,marketing,2/21/2014,5/18/2022,109973.6,true
596,Hilarius,Henworth,hhenworthgj@dell.com,prod,marketing,1/5/2011,6/11/2021,127816.88,false
597,Aimil,Mawtus,amawtusgk@nsw.gov.au,dev,sales,7/5/2018,11/22/2018,126370.29,true
598,Marlene,Sebrook,msebrookgl@opera.com,dev,sales,11/24/2011,11/14/2015,59248.58,false
599,Raffaello,Schubuser,rschubusergm@xrea.com,prod,sales,9/13/2016,1/22/2016,123000.95,true
600,Gianni,Mosdill,gmosdillgn@oracle.com,test,engineering,10/9/2015,7/4/2018,97320.21,false
601,Genovera,Tydeman,gtydemango@google.com.br,prod,engineering,5/23/2015,11/11/2016,99672.45,true
602,Danit,Dixson,ddixsongp@i2i.jp,dev,engineering,6/13/2016,6/2/2022,68506.37,true
603,Kikelia,Bachelar,kbachelargq@technorati.com,test,marketing,5/11/2016,1/30/2020,147096.91,true
604,Jocelyn,Pfeffer,jpfeffergr@senate.gov,prod,engineering,2/18/2010,12/26/2017,130846.4,true
605,Ricardo,Loudwell,rloudwellgs@blog.com,dev,engineering,6/28/2022,3/22/2020,37792.44,true
606,Rosalynd,Dodimead,rdodimeadgt@bravesites.com,dev,sales,5/13/2018,8/18/2021,101765.85,true
607,Tyne,Sorrill,tsorrillgu@exblog.jp,test,marketing,3/21/2011,12/31/2019,134755.96,true
608,Correy,Fearn,cfearngv@sitemeter.com,prod,marketing,4/22/2016,12/14/2011,140855.01,true
609,Jessie,Hallgalley,jhallgalleygw@intel.com,prod,engineering,5/18/2017,7/2/2016,61998.36,false
610,Vincents,Sipson,vsipsongx@spotify.com,dev,marketing,7/23/2018,9/28/2016,144447.88,true
611,Nanette,Stealfox,nstealfoxgy@icio.us,dev,marketing,9/8/2016,9/21/2012,115620.82,true
612,Law,Clendennen,lclendennengz@nature.com,dev,marketing,12/30/2011,1/2/2014,33605.85,true
613,Fowler,McWhorter,fmcwhorterh0@simplemachines.org,prod,marketing,9/6/2020,11/5/2014,30525.26,false
614,Danita,Brunner,dbrunnerh1@paypal.com,dev,engineering,4/30/2020,12/8/2018,110725.65,true
615,Andrea,Knill,aknillh2@psu.edu,dev,engineering,3/30/2014,10/28/2010,108341.04,false
616,Raff,Lingner,rlingnerh3@seesaa.net,prod,engineering,6/8/2013,10/8/2011,63006.88,false
617,Tanney,Sturney,tsturneyh4@cargocollective.com,prod,engineering,5/24/2022,8/8/2021,24589.47,false
618,Stanford,Lichtfoth,slichtfothh5@hud.gov,prod,engineering,11/27/2019,8/10/2017,64830.07,true
619,Kenneth,Sposito,kspositoh6@dagondesign.com,prod,sales,3/15/2011,3/14/2015,49182.8,true
620,Odey,Quartermaine,oquartermaineh7@mtv.com,dev,marketing,7/12/2019,12/30/2014,28782.71,true
621,Stacy,Lippi,slippih8@mit.edu,dev,sales,10/27/2014,6/12/2016,144163.17,false
622,Alfy,Baverstock,abaverstockh9@simplemachines.org,test,marketing,12/31/2017,3/12/2015,129304.39,true
623,Arabel,Palfery,apalferyha@usnews.com,prod,marketing,1/19/2013,11/17/2010,111267.67,true
624,Lazarus,Pinor,lpinorhb@discuz.net,test,marketing,6/10/2011,10/30/2018,114118.38,true
625,Silvie,Oboy,soboyhc@amazon.co.uk,prod,engineering,12/25/2013,4/25/2018,136197.08,false
626,Derrick,Knappitt,dknappitthd@salon.com,test,sales,12/24/2020,4/19/2018,65632.98,false
627,Enos,Huddart,ehuddarthe@mashable.com,prod,marketing,1/20/2010,12/19/2011,116856.88,true
628,Francisco,Abate,fabatehf@census.gov,test,marketing,6/14/2021,4/17/2014,33632.0,false
629,Rolph,Lomis,rlomishg@microsoft.com,test,marketing,6/22/2021,11/7/2020,146840.44,false
630,Ted,Barnson,tbarnsonhh@fotki.com,dev,marketing,1/30/2010,3/19/2018,23998.8,true
631,Fletcher,Keunemann,fkeunemannhi@census.gov,test,sales,10/20/2015,10/16/2013,114906.54,true
632,Farlie,Stinson,fstinsonhj@princeton.edu,prod,sales,1/3/2019,3/6/2018,128324.61,false
633,Gae,Phoebe,gphoebehk@state.tx.us,dev,marketing,5/4/2015,11/27/2022,118784.48,false
634,Lonnie,Fenich,lfenichhl@bbb.org,dev,sales,10/31/2022,7/12/2010,133448.31,true
635,Dix,Amey,dameyhm@taobao.com,prod,marketing,9/7/2017,9/29/2022,100309.57,false
636,Corinne,Zorzini,czorzinihn@dion.ne.jp,dev,engineering,11/15/2018,3/13/2011,47100.83,false
637,Norbie,Angerstein,nangersteinho@stanford.edu,prod,engineering,6/21/2016,7/7/2012,127728.3,true
638,Carmel,Klugel,cklugelhp@arstechnica.com,prod,sales,1/22/2011,9/9/2016,68998.91,false
639,Lonnard,Vasin,lvasinhq@aol.com,prod,sales,8/19/2016,4/18/2019,33637.11,true
640,Eb,Rawsthorne,erawsthornehr@wix.com,dev,marketing,8/23/2021,12/22/2012,121923.49,true
641,Eldridge,Broadley,ebroadleyhs@squidoo.com,prod,sales,1/17/2012,1/26/2012,52128.6,false
642,Gussy,Massinger,gmassingerht@godaddy.com,dev,engineering,4/26/2017,8/27/2022,81128.33,false
643,Lydon,Feetham,lfeethamhu@ask.com,test,engineering,8/29/2020,10/13/2022,85508.77,true
644,Maureen,Phillippo,mphillippohv@businessinsider.com,dev,engineering,6/9/2014,8/20/2013,99951.46,true
645,Johnathan,Chave,jchavehw@utexas.edu,prod,marketing,5/12/2011,4/15/2012,26526.75,true
646,Wilfrid,Aulsford,waulsfordhx@uol.com.br,test,engineering,4/21/2020,7/19/2010,102767.91,true
647,Oby,Ratcliff,oratcliffhy@yellowbook.com,test,sales,9/11/2018,9/7/2022,101800.44,false
648,Charlene,Calderon,ccalderonhz@tiny.cc,test,sales,7/3/2010,7/15/2012,55431.62,true
649,Tania,Thacke,tthackei0@dion.ne.jp,test,marketing,1/31/2016,6/10/2010,93955.86,false
650,Judd,Lattie,jlattiei1@craigslist.org,test,sales,11/8/2021,4/4/2015,100195.25,true
651,Jan,Sanpher,jsanpheri2@rediff.com,dev,engineering,12/27/2014,5/19/2021,43707.24,false
652,Ricca,Laurens,rlaurensi3@cnet.com,dev,engineering,5/5/2018,2/1/2019,91288.29,true
653,Wade,MacCaig,wmaccaigi4@cisco.com,dev,sales,4/5/2021,4/2/2011,105003.6,true
654,Christian,Drabble,cdrabblei5@europa.eu,prod,engineering,1/5/2015,10/15/2012,44233.28,false
655,Doralin,Fielden,dfieldeni6@yahoo.co.jp,dev,marketing,12/3/2014,2/3/2011,93945.39,true
656,Gregory,Diable,gdiablei7@yellowbook.com,prod,marketing,11/2/2017,12/1/2021,83712.54,false
657,Gwynne,Arents,garentsi8@booking.com,prod,marketing,11/30/2020,1/22/2016,143566.32,true
658,Solly,Stratton,sstrattoni9@cbslocal.com,prod,sales,11/12/2022,12/3/2011,70785.04,true
659,Steward,Alster,salsteria@vistaprint.com,dev,marketing,5/24/2016,11/28/2022,84067.27,true
660,Renado,MacPaik,rmacpaikib@jugem.jp,prod,sales,11/9/2013,6/13/2010,73022.63,true
661,Betta,Enderson,bendersonic@so-net.ne.jp,prod,sales,8/24/2014,11/26/2013,64448.06,false
662,Travus,Romans,tromansid@miibeian.gov.cn,prod,marketing,3/6/2012,3/9/2022,127519.08,false
663,Glad,Onions,gonionsie@weebly.com,prod,marketing,11/1/2019,2/23/2019,91656.09,false
664,Damon,Kavanagh,dkavanaghif@uiuc.edu,test,engineering,10/17/2017,7/22/2018,50106.55,true
665,Vassily,Cosens,vcosensig@businessweek.com,test,marketing,10/27/2010,1/18/2015,115512.93,true
666,Aridatha,Di Giorgio,adigiorgioih@businesswire.com,test,sales,12/5/2014,3/26/2011,50278.44,false
667,Joelynn,Slide,jslideii@ask.com,prod,engineering,5/14/2011,4/18/2021,116613.16,true
668,Nikolai,Prater,npraterij@theglobeandmail.com,prod,marketing,1/7/2022,1/14/2022,72333.73,false
669,Artemis,Zannetti,azannettiik@infoseek.co.jp,prod,engineering,10/2/2013,1/3/2012,146465.83,false
670,Alexandros,Tapin,atapinil@cdc.gov,test,sales,12/29/2011,1/11/2017,65281.67,false
671,Gar,Bargery,gbargeryim@odnoklassniki.ru,prod,engineering,12/23/2018,2/23/2021,111136.5,false
672,Berta,Larkby,blarkbyin@dailymotion.com,dev,engineering,10/31/2017,4/23/2016,103411.28,true
673,Scarlett,Crisall,scrisallio@reverbnation.com,test,sales,11/11/2022,9/15/2017,84135.55,true
674,Bertina,Hyder,bhyderip@google.co.uk,prod,sales,7/30/2012,8/11/2012,36354.18,true
675,Robinett,Gheeraert,rgheeraertiq@engadget.com,dev,sales,1/10/2017,12/21/2013,149125.38,true
676,Marta,Kervin,mkervinir@typepad.com,test,marketing,6/5/2019,11/3/2017,66099.08,true
677,Kylie,Leirmonth,kleirmonthis@tripadvisor.com,dev,engineering,1/23/2015,10/25/2015,57359.83,false
678,Nataniel,Duthie,nduthieit@columbia.edu,dev,engineering,5/17/2018,6/14/2018,137483.22,false
679,Axe,Beer,abeeriu@usa.gov,test,sales,5/3/2021,6/2/2011,139699.05,true
680,Alard,Cholmondeley,acholmondeleyiv@cocolog-nifty.com,prod,marketing,5/8/2010,6/9/2019,80155.73,true
681,Jarvis,Sauniere,jsauniereiw@illinois.edu,prod,engineering,7/28/2014,10/13/2022,64366.74,false
682,Darcie,Lowensohn,dlowensohnix@hubpages.com,prod,marketing,12/3/2013,1/11/2012,89403.83,false
683,Sheffie,Fiander,sfianderiy@economist.com,dev,sales,4/23/2016,8/20/2021,26496.74,true
684,Heloise,Butland,hbutlandiz@eepurl.com,prod,sales,12/29/2016,3/9/2020,75414.22,false
685,Mario,Calan,mcalanj0@godaddy.com,dev,sales,5/27/2012,6/1/2018,27336.04,true
686,Keefe,Gawthorp,kgawthorpj1@dailymotion.com,test,engineering,12/12/2020,3/4/2011,24075.61,true
687,Margret,Maplesden,mmaplesdenj2@is.gd,dev,marketing,5/17/2012,1/18/2016,128086.35,true
688,Jillane,Baalham,jbaalhamj3@homestead.com,prod,engineering,2/6/2010,8/5/2019,86084.65,false
689,Florida,Enevold,fenevoldj4@webmd.com,test,marketing,1/15/2020,4/3/2011,132377.13,false
690,Pancho,Tunnick,ptunnickj5@java.com,dev,engineering,11/27/2010,1/13/2020,91428.77,false
691,Codee,Bock,cbockj6@sohu.com,dev,engineering,11/10/2016,8/14/2015,141565.15,true
692,Quentin,Juszkiewicz,qjuszkiewiczj7@odnoklassniki.ru,test,marketing,9/1/2022,9/11/2021,21747.62,true
693,Alexine,Tonkin,atonkinj8@fema.gov,test,marketing,11/14/2013,4/1/2015,84136.36,true
694,Bradney,McCrow,bmccrowj9@technorati.com,prod,engineering,5/9/2013,12/29/2021,128404.92,false
695,Valentine,Brislane,vbrislaneja@cmu.edu,prod,engineering,9/10/2014,4/15/2013,133782.08,false
696,Kellen,Dedmam,kdedmamjb@vistaprint.com,dev,sales,8/17/2019,8/14/2020,83570.35,false
697,Jacklyn,Grummitt,jgrummittjc@webs.com,test,sales,4/1/2014,8/25/2015,141345.52,true
698,Emily,Pilger,epilgerjd@scientificamerican.com,dev,engineering,7/10/2019,8/10/2017,60449.37,true
699,Lorilyn,Batting,lbattingje@about.com,dev,sales,3/4/2017,1/26/2020,33956.64,false
700,Latisha,Sandever,lsandeverjf@gmpg.org,dev,engineering,2/14/2015,12/29/2014,92365.55,true
701,Chloris,MacGillacolm,cmacgillacolmjg@csmonitor.com,prod,marketing,11/30/2020,3/13/2020,120120.83,true
702,Morna,Heynel,mheyneljh@mayoclinic.com,test,marketing,3/11/2016,1/15/2020,99331.32,false
703,Melamie,Ebbitt,mebbittji@vkontakte.ru,test,sales,9/28/2012,11/7/2018,143311.96,true
704,Anne-corinne,Eakins,aeakinsjj@biglobe.ne.jp,dev,marketing,6/3/2017,11/4/2019,88405.7,false
705,Shell,Eccott,seccottjk@washington.edu,test,sales,2/6/2014,9/29/2015,43123.4,false
706,Riva,Kinze,rkinzejl@xing.com,dev,engineering,9/21/2013,8/14/2011,47604.36,false
707,Dione,Haberjam,dhaberjamjm@noaa.gov,prod,sales,7/9/2021,10/10/2010,63727.79,true
708,Buiron,Ledner,blednerjn@zdnet.com,dev,sales,9/21/2018,8/1/2020,67312.59,true
709,Edlin,Clarridge,eclarridgejo@imageshack.us,prod,sales,2/5/2014,7/26/2017,30053.26,false
710,Orlando,Zellmer,ozellmerjp@yellowpages.com,prod,sales,5/5/2016,10/27/2018,57729.67,true
711,Cordelia,Tohill,ctohilljq@purevolume.com,dev,sales,11/6/2018,4/29/2018,76609.72,false
712,Jenn,Watling,jwatlingjr@hao123.com,prod,engineering,9/14/2020,5/12/2016,142994.27,false
713,Andrew,Keirl,akeirljs@miitbeian.gov.cn,prod,sales,9/17/2021,7/22/2010,47379.33,true
714,Kameko,Gianinotti,kgianinottijt@usnews.com,prod,sales,3/6/2014,5/15/2019,64150.03,true
715,Gwenore,Brooksby,gbrooksbyju@vinaora.com,dev,sales,8/11/2014,8/13/2021,81222.35,true
716,Hilliard,Peyro,hpeyrojv@digg.com,dev,engineering,8/19/2021,5/21/2010,75617.68,true
717,Tammy,Gabe,tgabejw@uiuc.edu,test,marketing,4/10/2014,12/18/2021,131524.1,false
718,Clemmie,Delong,cdelongjx@goo.ne.jp,dev,engineering,11/29/2019,12/31/2016,92734.1,false
719,Ina,Duffett,iduffettjy@hatena.ne.jp,prod,marketing,12/7/2013,1/12/2019,62863.7,true
720,Rriocard,Gunbie,rgunbiejz@people.com.cn,test,engineering,3/17/2015,7/8/2012,64459.66,false
721,Tawsha,Ilyuchyov,tilyuchyovk0@abc.net.au,prod,engineering,3/3/2017,6/19/2015,142037.41,true
722,Sylvester,Fenna,sfennak1@cdc.gov,prod,sales,6/22/2020,5/2/2012,128738.93,false
723,Smitty,Androlli,sandrollik2@cbc.ca,test,engineering,3/12/2018,4/3/2020,123781.92,false
724,Dalia,Chern,dchernk3@behance.net,dev,sales,7/29/2019,5/11/2020,96656.68,false
725,Brod,Minnis,bminnisk4@digg.com,prod,engineering,4/11/2015,1/20/2011,135330.75,false
726,Guendolen,Grahlmans,ggrahlmansk5@oaic.gov.au,dev,engineering,7/26/2012,9/26/2022,21675.75,true
727,Yvon,Cuddy,ycuddyk6@admin.ch,test,marketing,10/4/2020,7/10/2020,50773.55,false
728,Barbette,Andreopolos,bandreopolosk7@people.com.cn,dev,engineering,8/29/2017,3/2/2016,120731.3,true
729,Brandyn,Lambol,blambolk8@admin.ch,dev,engineering,1/31/2018,6/9/2022,50390.84,false
730,Peyter,Schultz,pschultzk9@time.com,test,sales,1/17/2010,5/27/2016,100052.0,false
731,Franzen,Stallwood,fstallwoodka@bravesites.com,dev,engineering,11/23/2020,4/22/2014,92644.76,true
732,Jorrie,Oliffe,joliffekb@answers.com,test,sales,8/1/2018,10/21/2015,28588.29,false
733,Frederick,Ivoshin,fivoshinkc@phoca.cz,prod,sales,3/6/2021,11/5/2018,73941.26,true
734,Kinsley,Staning,kstaningkd@bloomberg.com,prod,marketing,8/10/2021,9/23/2012,89885.93,false
735,Lev,Hastings,lhastingske@europa.eu,prod,sales,8/30/2011,2/17/2021,126518.03,false
736,Ogdan,Cluderay,ocluderaykf@nifty.com,dev,sales,5/26/2017,10/11/2018,25117.02,true
737,Thorn,Birtwisle,tbirtwislekg@blinklist.com,test,sales,9/27/2021,8/25/2010,94183.82,true
738,Melba,Starbuck,mstarbuckkh@ezinearticles.com,prod,sales,4/29/2011,2/1/2013,91829.96,true
739,Jolee,Antrack,jantrackki@va.gov,dev,marketing,6/10/2022,12/22/2018,62987.89,false
740,Alisander,Groarty,agroartykj@wordpress.org,prod,marketing,10/31/2010,4/12/2014,29862.63,true
741,Jessalyn,Kingsbury,jkingsburykk@rediff.com,prod,marketing,8/9/2018,3/16/2015,28858.86,true
742,Jermaine,Merricks,jmerrickskl@ftc.gov,test,engineering,3/7/2010,3/27/2019,66275.18,true
743,Goldi,Vasilyev,gvasilyevkm@state.gov,test,marketing,12/5/2010,3/4/2018,68485.28,true
744,Corette,Bavidge,cbavidgekn@goo.ne.jp,test,marketing,4/1/2020,9/15/2010,107363.31,false
745,Lona,Charter,lcharterko@fda.gov,dev,marketing,7/22/2022,7/12/2011,48045.05,false
746,Perla,Tungate,ptungatekp@mac.com,test,marketing,5/20/2020,8/19/2020,148682.21,false
747,Amabelle,Attac,aattackq@tumblr.com,test,marketing,8/21/2011,3/18/2013,92510.18,true
748,Becki,Hurne,bhurnekr@soundcloud.com,test,marketing,3/4/2021,5/24/2018,142386.61,true
749,Olive,Gueste,oguesteks@about.com,test,engineering,7/28/2022,12/14/2011,110922.43,false
750,Gayleen,Castanares,gcastanareskt@google.ca,test,marketing,8/13/2018,2/20/2018,21157.51,false
751,Elianore,Meekin,emeekinku@jugem.jp,dev,sales,3/18/2022,3/19/2019,44766.58,true
752,Kanya,Shory,kshorykv@foxnews.com,test,marketing,2/15/2011,5/6/2022,102595.9,false
753,Toinette,Giff,tgiffkw@discovery.com,test,marketing,3/4/2017,9/2/2017,85217.3,false
754,Hillel,Ivens,hivenskx@github.io,dev,marketing,7/29/2011,12/15/2010,45538.63,true
755,Nickie,Ridgedell,nridgedellky@google.nl,dev,engineering,9/14/2020,11/27/2015,80953.91,false
756,Armstrong,Beckmann,abeckmannkz@zdnet.com,prod,engineering,4/17/2020,7/6/2019,110969.95,true
757,Kathie,Jeays,kjeaysl0@indiegogo.com,dev,marketing,3/20/2015,4/15/2021,141864.53,true
758,Lauren,Isakson,lisaksonl1@acquirethisname.com,test,marketing,4/16/2017,9/24/2012,137742.15,false
759,Ketty,Menendez,kmenendezl2@fc2.com,dev,engineering,10/13/2020,10/13/2011,76424.26,false
760,Consuelo,Brook,cbrookl3@constantcontact.com,dev,marketing,8/10/2020,6/29/2013,32370.93,true
761,Clayton,Romeuf,cromeufl4@reuters.com,test,engineering,9/30/2020,6/18/2017,45294.69,false
762,Modesty,Lonsdale,mlonsdalel5@dropbox.com,test,marketing,11/14/2018,5/29/2016,82708.44,true
763,Hermann,Zeal,hzeall6@ebay.co.uk,prod,sales,2/28/2020,11/1/2012,60098.76,false
764,Katharine,McIlriach,kmcilriachl7@w3.org,prod,marketing,12/31/2010,7/11/2018,127302.77,false
765,Carline,Ebdon,cebdonl8@sciencedaily.com,test,marketing,12/25/2018,1/9/2011,77967.04,true
766,Harwilll,Anney,hanneyl9@people.com.cn,dev,engineering,9/10/2021,2/19/2019,125226.71,true
767,Patricio,Barrs,pbarrsla@twitpic.com,prod,engineering,6/18/2010,2/7/2013,53149.3,false
768,Moreen,Hume,mhumelb@economist.com,dev,engineering,2/12/2018,5/14/2011,110256.09,false
769,Lucilia,Coldman,lcoldmanlc@ning.com,test,engineering,8/21/2019,11/13/2011,140078.7,false
770,Ryun,Seyffert,rseyffertld@amazon.co.jp,prod,engineering,3/28/2011,6/20/2017,24914.64,true
771,Camilla,Mcimmie,cmcimmiele@free.fr,prod,marketing,12/9/2011,6/2/2020,133392.59,false
772,Rosamund,Martland,rmartlandlf@bbb.org,dev,sales,11/21/2012,3/24/2020,96834.3,false
773,Arlen,Adamovich,aadamovichlg@topsy.com,prod,sales,9/15/2011,5/6/2015,22322.58,true
774,Domenic,Verni,dvernilh@vkontakte.ru,dev,engineering,6/11/2021,4/15/2022,43401.93,true
775,Wade,Batch,wbatchli@altervista.org,prod,sales,6/25/2018,3/4/2022,148561.12,true
776,Madlin,Haines,mhaineslj@xinhuanet.com,dev,marketing,6/6/2015,10/3/2013,20111.97,true
777,Ive,Walentynowicz,iwalentynowiczlk@cloudflare.com,test,engineering,12/19/2017,5/27/2015,38328.99,false
778,Thaine,Straffon,tstraffonll@yahoo.com,dev,sales,4/20/2017,8/28/2013,129964.56,false
779,Tonnie,Loveland,tlovelandlm@bloglines.com,prod,marketing,9/4/2017,5/22/2021,35827.94,false
780,Loren,Beaman,lbeamanln@senate.gov,dev,sales,5/27/2013,12/23/2011,72258.62,false
781,Carolin,Gumb,cgumblo@sina.com.cn,dev,engineering,11/15/2022,12/18/2010,66459.66,false
782,Blinni,Pattemore,bpattemorelp@istockphoto.com,test,sales,9/6/2011,11/23/2015,50113.01,true
783,Fredia,McGinney,fmcginneylq@umn.edu,test,engineering,6/10/2011,7/18/2011,84402.99,true
784,Willamina,Eaton,weatonlr@amazon.co.uk,test,engineering,7/10/2017,4/24/2021,39459.47,true
785,Sara,Swales,sswalesls@webeden.co.uk,dev,sales,2/14/2021,10/30/2011,47817.23,true
786,Kacey,Andrus,kandruslt@deviantart.com,test,marketing,6/28/2020,7/25/2010,126008.53,false
787,Frans,Segot,fsegotlu@bizjournals.com,test,sales,12/1/2020,12/18/2021,135142.95,true
788,Putnam,Sherwell,psherwelllv@telegraph.co.uk,prod,sales,10/19/2015,2/3/2014,146565.52,true
789,Maurise,Stambridge,mstambridgelw@ibm.com,prod,engineering,11/28/2011,11/8/2017,106271.17,true
790,Tabitha,Grealy,tgrealylx@phoca.cz,prod,sales,5/5/2011,11/28/2019,75024.08,false
791,Laurella,Piers,lpiersly@booking.com,dev,sales,2/6/2021,6/18/2022,79478.88,false
792,Jeremiah,Dearell,jdearelllz@slashdot.org,prod,marketing,6/30/2011,4/19/2015,109936.96,false
793,Harmon,Tidcomb,htidcombm0@friendfeed.com,test,engineering,1/19/2011,2/15/2013,148071.31,true
794,Vina,Case,vcasem1@usatoday.com,prod,engineering,5/15/2011,7/5/2018,104770.46,true
795,Kikelia,Chatel,kchatelm2@disqus.com,prod,sales,7/24/2013,5/7/2019,137162.66,true
796,Matthiew,Gigg,mgiggm3@census.gov,dev,marketing,12/6/2022,7/12/2022,28571.78,false
797,Josias,Woolfoot,jwoolfootm4@fotki.com,test,marketing,5/3/2015,8/24/2011,110988.5,true
798,Georgie,Richardsson,grichardssonm5@topsy.com,prod,marketing,1/17/2013,6/21/2014,39612.97,false
799,Mercedes,Habeshaw,mhabeshawm6@youtube.com,test,sales,1/2/2013,5/15/2022,20585.61,true
800,Mireielle,Ollivier,mollivierm7@discuz.net,prod,sales,10/23/2016,6/16/2022,43964.15,false
801,Hamel,Jahner,hjahnerm8@prlog.org,test,marketing,11/13/2015,9/1/2022,111186.76,true
802,Hyacinth,Hurkett,hhurkettm9@go.com,test,sales,4/10/2012,2/26/2020,94143.97,false
803,Riva,Coopman,rcoopmanma@mozilla.org,prod,sales,3/31/2011,12/29/2016,124748.08,true
804,Dannie,MacCook,dmaccookmb@macromedia.com,dev,marketing,5/25/2013,11/22/2016,40986.38,true
805,Sydelle,Tillard,stillardmc@msn.com,dev,sales,5/23/2011,2/19/2012,39873.8,false
806,Porter,Willingam,pwillingammd@google.es,dev,engineering,7/6/2011,8/24/2020,145749.36,false
807,Danette,Fredy,dfredyme@hubpages.com,prod,marketing,12/1/2016,10/25/2021,27586.62,true
808,Lief,Andrzejak,landrzejakmf@uol.com.br,dev,engineering,3/4/2015,12/13/2016,50416.12,false
809,Pascale,Pervoe,ppervoemg@macromedia.com,test,marketing,10/9/2011,8/29/2022,77216.03,true
810,Concordia,Henzer,chenzermh@seattletimes.com,dev,engineering,11/19/2012,2/28/2022,125478.62,false
811,Konstantin,Petasch,kpetaschmi@home.pl,prod,engineering,9/10/2015,12/22/2012,138919.26,false
812,Ewan,Bland,eblandmj@google.co.jp,prod,marketing,6/9/2021,3/1/2013,139123.54,false
813,Mallissa,Gibbins,mgibbinsmk@prweb.com,dev,marketing,3/14/2011,7/9/2018,72966.28,true
814,Leonie,Lowless,llowlessml@rakuten.co.jp,test,sales,8/28/2015,7/24/2011,111803.17,false
815,Laurence,Catanheira,lcatanheiramm@hc360.com,dev,sales,11/5/2012,9/8/2017,87958.68,true
816,Maryann,Fayerbrother,mfayerbrothermn@telegraph.co.uk,dev,engineering,4/7/2013,8/8/2017,97274.71,true
817,Jamil,Dunkirk,jdunkirkmo@bigcartel.com,dev,marketing,12/8/2010,11/25/2012,28188.48,true
818,Ferne,Hackworthy,fhackworthymp@google.fr,dev,engineering,5/16/2017,5/29/2012,65744.94,false
819,Natalee,Goosnell,ngoosnellmq@pbs.org,prod,marketing,6/5/2019,4/13/2011,106580.77,false
820,Hewet,Huburn,hhuburnmr@disqus.com,test,engineering,3/31/2016,12/22/2021,120077.72,false
821,Travers,Lintill,tlintillms@go.com,prod,sales,2/6/2021,12/10/2020,33096.58,false
822,Paula,Fortnum,pfortnummt@blog.com,prod,engineering,10/12/2011,3/27/2018,94707.76,false
823,Sib,Butterley,sbutterleymu@goo.gl,prod,sales,9/20/2017,7/23/2019,120476.68,true
824,Evania,Corradengo,ecorradengomv@berkeley.edu,test,marketing,6/13/2012,7/25/2018,23129.7,true
825,Corrie,Gariff,cgariffmw@yolasite.com,dev,engineering,8/18/2012,11/29/2021,101362.17,false
826,Tait,Milkeham,tmilkehammx@nba.com,prod,marketing,9/7/2019,1/15/2020,146083.82,true
827,Jerrome,Suddaby,jsuddabymy@miibeian.gov.cn,test,marketing,8/21/2015,5/24/2017,22904.35,false
828,Drusilla,Syversen,dsyversenmz@mapy.cz,dev,marketing,12/8/2010,1/10/2016,21714.72,false
829,Hi,Woltering,hwolteringn0@adobe.com,test,engineering,4/25/2014,2/14/2018,64826.76,false
830,Harli,Rasor,hrasorn1@exblog.jp,dev,sales,11/23/2017,10/8/2021,71123.78,true
831,Mamie,Shermore,mshermoren2@surveymonkey.com,test,marketing,5/29/2020,1/6/2022,80044.81,false
832,Geoffry,Wimbush,gwimbushn3@imageshack.us,test,marketing,12/22/2019,1/13/2010,133212.09,false
833,Gan,Juggins,gjugginsn4@oaic.gov.au,prod,sales,7/19/2014,10/1/2015,98792.32,true
834,Stanford,Purchall,spurchalln5@tiny.cc,prod,marketing,2/8/2015,2/26/2012,99700.26,true
835,Jervis,Kingcote,jkingcoten6@adobe.com,dev,engineering,1/10/2018,6/28/2012,61275.34,true
836,Thatcher,O' Mullane,tomullanen7@clickbank.net,dev,engineering,11/1/2020,3/12/2010,74835.56,false
837,Giralda,Jenyns,gjenynsn8@shutterfly.com,prod,marketing,1/18/2022,11/7/2010,35898.23,true
838,Perrine,Kiezler,pkiezlern9@google.com,prod,engineering,4/8/2011,3/16/2021,146235.6,true
839,Ava,Moine,amoinena@theguardian.com,test,sales,4/21/2022,5/21/2011,93142.33,true
840,Cass,Kensley,ckensleynb@ovh.net,prod,engineering,3/12/2018,11/5/2021,69292.46,false
841,Tracee,Whitear,twhitearnc@icq.com,dev,marketing,7/13/2012,1/3/2010,126669.48,false
842,Adrienne,Jansema,ajansemand@google.es,dev,sales,7/9/2016,5/5/2016,64263.42,false
843,Ralina,Clampin,rclampinne@canalblog.com,dev,engineering,6/6/2020,8/31/2016,79780.38,false
844,Foster,Goudie,fgoudienf@howstuffworks.com,prod,marketing,10/12/2020,4/21/2017,144171.29,false
845,Garrick,Rames,gramesng@nhs.uk,dev,engineering,5/6/2021,10/16/2013,33566.07,true
846,Ursala,Pinar,upinarnh@feedburner.com,dev,marketing,6/1/2021,9/11/2018,34508.12,true
847,Joella,Bassill,jbassillni@jugem.jp,prod,sales,1/14/2010,7/10/2014,31581.59,false
848,Luca,Ruoss,lruossnj@who.int,test,marketing,2/16/2012,5/6/2021,141516.97,false
849,Prudence,Laudham,plaudhamnk@sbwire.com,test,marketing,6/17/2013,10/26/2022,119686.53,false
850,Kelci,Alwen,kalwennl@guardian.co.uk,dev,sales,2/6/2018,12/28/2013,28412.05,true
851,Robinet,Heffy,rheffynm@multiply.com,prod,marketing,4/1/2018,4/16/2022,49780.21,false
852,Renaud,Llorens,rllorensnn@netscape.com,dev,engineering,11/26/2020,5/7/2021,38408.79,true
853,Florie,Bancroft,fbancroftno@istockphoto.com,dev,marketing,1/6/2012,12/9/2015,30905.08,true
854,Tan,Common,tcommonnp@spotify.com,dev,marketing,4/28/2018,5/4/2016,126758.5,false
855,Ellette,Sarfass,esarfassnq@topsy.com,test,marketing,8/17/2018,8/11/2018,146453.56,false
856,Kipper,Shiel,kshielnr@ucsd.edu,test,marketing,3/23/2019,9/23/2013,55602.04,true
857,Alphonse,De Courtney,adecourtneyns@dion.ne.jp,dev,marketing,10/22/2022,11/4/2015,86362.78,false
858,Calla,Cucinotta,ccucinottant@engadget.com,prod,engineering,3/31/2012,4/6/2018,60192.03,false
859,Perl,Swanborrow,pswanborrownu@cam.ac.uk,test,marketing,11/12/2015,9/30/2014,139658.61,false
860,Marie,Wick,mwicknv@desdev.cn,prod,engineering,11/26/2019,10/26/2013,136236.74,true
861,Ferne,Cossington,fcossingtonnw@cam.ac.uk,dev,sales,1/7/2015,10/9/2011,62271.99,true
862,Benton,Allwood,ballwoodnx@yolasite.com,test,sales,11/30/2021,5/26/2017,101245.82,false
863,Cris,Behnecke,cbehneckeny@apache.org,prod,engineering,1/6/2013,6/1/2018,100984.2,true
864,Cynde,Laweles,clawelesnz@youtu.be,test,engineering,9/13/2021,8/4/2010,24253.07,true
865,Arni,Bradie,abradieo0@senate.gov,dev,marketing,4/29/2011,2/1/2012,64746.61,false
866,Somerset,Waldock,swaldocko1@miitbeian.gov.cn,dev,marketing,8/25/2014,2/21/2012,114151.49,true
867,Isidora,Pyett,ipyetto2@microsoft.com,test,marketing,1/30/2017,5/29/2017,141653.11,false
868,Beatriz,Naulty,bnaultyo3@sfgate.com,test,engineering,7/1/2020,7/22/2021,107176.43,true
869,Charyl,Keems,ckeemso4@cloudflare.com,dev,engineering,1/8/2017,2/2/2015,92617.77,true
870,Clara,Sunley,csunleyo5@1688.com,prod,sales,7/17/2015,5/19/2010,37492.41,true
871,Darius,Levane,dlevaneo6@multiply.com,prod,marketing,6/19/2011,8/27/2014,25813.12,false
872,Babita,Hows,bhowso7@addtoany.com,dev,engineering,6/10/2014,12/25/2018,84434.27,false
873,Abelard,Calveley,acalveleyo8@simplemachines.org,dev,marketing,11/8/2018,11/7/2019,87739.97,true
874,Evangelin,Loakes,eloakeso9@freewebs.com,test,marketing,3/9/2019,10/3/2016,72962.05,false
875,Clarita,Gingel,cgingeloa@youtu.be,prod,marketing,6/21/2014,3/19/2011,40995.59,false
876,Tandi,Death,tdeathob@symantec.com,dev,engineering,10/3/2011,7/8/2019,139524.7,false
877,Monah,Champain,mchampainoc@clickbank.net,prod,engineering,3/21/2016,7/18/2021,128660.4,true
878,Freeman,Gilhouley,fgilhouleyod@craigslist.org,test,marketing,5/27/2022,6/6/2013,110935.21,false
879,Renata,Tarbett,rtarbettoe@1und1.de,prod,engineering,1/19/2010,1/14/2021,131454.23,false
880,Giraud,Milesap,gmilesapof@google.fr,dev,engineering,12/1/2015,6/18/2021,72103.57,false
881,Sayre,Haswell,shaswellog@google.it,test,marketing,9/9/2017,12/21/2013,77917.42,true
882,Druci,Devil,ddeviloh@miibeian.gov.cn,prod,marketing,6/21/2017,5/19/2020,61382.03,true
883,Marcel,Danilowicz,mdanilowiczoi@harvard.edu,dev,engineering,5/28/2012,3/15/2018,46227.95,false
884,Lizbeth,Accombe,laccombeoj@java.com,prod,sales,10/26/2018,3/12/2010,69977.57,false
885,Scot,Meenehan,smeenehanok@miitbeian.gov.cn,prod,sales,4/29/2020,6/5/2014,102980.98,true
886,Ame,Mines,aminesol@woothemes.com,test,engineering,4/22/2016,9/14/2014,103586.64,true
887,Aidan,Prantl,aprantlom@netscape.com,dev,sales,5/3/2015,4/3/2021,115230.43,false
888,Sonnie,Poate,spoateon@hp.com,prod,sales,7/2/2010,10/30/2013,95339.44,true
889,Cecilius,Georges,cgeorgesoo@blogs.com,dev,sales,12/29/2011,8/29/2020,54575.04,true
890,Tamara,Britner,tbritnerop@slate.com,prod,sales,3/23/2016,2/26/2019,88491.72,false
891,Donetta,Featherstonhalgh,dfeatherstonhalghoq@elegantthemes.com,dev,engineering,7/25/2021,9/6/2015,129281.65,true
892,Pancho,Oliff,poliffor@unesco.org,test,engineering,11/9/2022,9/26/2022,128755.35,true
893,Winna,Waddie,wwaddieos@disqus.com,test,marketing,7/25/2020,7/1/2015,27573.58,true
894,Jacquette,Northwood,jnorthwoodot@craigslist.org,test,marketing,5/5/2012,12/21/2018,64470.81,true
895,Gilemette,Colleer,gcolleerou@ocn.ne.jp,dev,marketing,8/14/2018,2/25/2013,38700.3,true
896,Louis,Alen,lalenov@comsenz.com,prod,marketing,12/11/2015,10/13/2015,82087.51,false
897,Finley,Lippitt,flippittow@altervista.org,test,marketing,1/16/2016,3/22/2013,26828.85,false
898,Petronilla,Garmans,pgarmansox@rediff.com,prod,marketing,4/16/2020,10/1/2014,79416.11,false
899,Rosella,Polkinghorne,rpolkinghorneoy@bigcartel.com,prod,marketing,9/28/2020,6/7/2015,94553.6,true
900,Delora,Crimmins,dcrimminsoz@1688.com,test,sales,9/5/2019,10/5/2015,137450.26,false
901,Oby,Bearham,obearhamp0@rakuten.co.jp,test,engineering,9/22/2021,11/13/2014,20190.89,true
902,Zolly,Poxon,zpoxonp1@umn.edu,test,marketing,3/6/2011,8/14/2011,55757.09,true
903,Eldridge,Klimashevich,eklimashevichp2@reddit.com,test,engineering,8/10/2017,4/5/2010,101671.73,false
904,Broddy,Eisenberg,beisenbergp3@biglobe.ne.jp,prod,marketing,7/14/2012,7/29/2013,98383.41,true
905,Kinna,Challiner,kchallinerp4@sbwire.com,test,marketing,5/19/2017,8/12/2016,92453.75,true
906,Sylvester,Hembling,shemblingp5@blinklist.com,prod,sales,11/11/2021,8/4/2015,93210.48,true
907,Rand,Over,roverp6@i2i.jp,prod,marketing,11/27/2013,7/12/2013,86701.48,false
908,Blake,Cranton,bcrantonp7@istockphoto.com,dev,marketing,1/9/2014,6/8/2018,68259.66,false
909,Carla,Readman,creadmanp8@umn.edu,dev,marketing,7/30/2021,8/11/2017,25193.21,true
910,Beitris,Dell Casa,bdellcasap9@xrea.com,dev,marketing,3/27/2018,1/7/2018,48835.34,true
911,Hanni,Krauss,hkrausspa@cbsnews.com,prod,sales,2/16/2019,10/27/2016,58412.6,false
912,Tabbie,Cloney,tcloneypb@slashdot.org,test,engineering,8/26/2019,7/26/2018,110661.49,true
913,Cosette,Ciementini,cciementinipc@bravesites.com,prod,engineering,7/30/2014,5/4/2011,22486.08,true
914,Cloe,Karlik,ckarlikpd@youtu.be,test,sales,4/22/2019,1/18/2019,37254.23,false
915,Eadmund,Wontner,ewontnerpe@noaa.gov,test,sales,7/19/2022,9/12/2020,66494.07,false
916,Thia,Bote,tbotepf@booking.com,test,marketing,12/7/2017,3/23/2017,30408.35,true
917,Adelaide,Beddoe,abeddoepg@psu.edu,test,sales,6/21/2022,7/15/2015,83661.6,false
918,Merell,Pascow,mpascowph@discovery.com,test,marketing,5/7/2011,1/21/2017,146060.5,true
919,Em,Brick,ebrickpi@issuu.com,prod,engineering,10/18/2020,8/8/2020,137926.73,false
920,Reggy,Meugens,rmeugenspj@mit.edu,test,sales,1/11/2021,7/9/2011,75907.39,false
921,Nanice,Winkless,nwinklesspk@phpbb.com,prod,marketing,11/25/2021,11/14/2010,148931.67,false
922,Kerri,Abba,kabbapl@ocn.ne.jp,test,sales,10/3/2012,11/14/2019,78094.14,true
923,Eric,Dorken,edorkenpm@google.com.br,dev,engineering,5/7/2015,8/13/2016,22953.09,false
924,Osbert,Fautley,ofautleypn@aboutads.info,test,engineering,4/6/2014,1/29/2012,53496.99,false
925,Brandon,Chalder,bchalderpo@networkadvertising.org,dev,sales,4/12/2022,9/29/2020,108365.82,true
926,Maryl,Shingfield,mshingfieldpp@businessweek.com,test,engineering,11/4/2019,11/13/2015,143557.88,false
927,Ferne,Recher,frecherpq@google.es,test,sales,12/18/2018,11/29/2021,39247.06,false
928,Selinda,Gilvary,sgilvarypr@dell.com,prod,engineering,1/27/2011,4/24/2017,109675.78,true
929,Juliann,Brelsford,jbrelsfordps@marketwatch.com,dev,engineering,1/15/2017,10/8/2022,43728.68,false
930,Julio,Tipper,jtipperpt@smugmug.com,dev,sales,2/4/2018,4/3/2021,138677.34,false
931,Paule,Arnaudot,parnaudotpu@xrea.com,prod,engineering,7/6/2022,4/7/2012,135133.89,false
932,Saloma,Riall,sriallpv@comsenz.com,test,sales,5/24/2019,1/8/2018,34191.56,false
933,Janek,Haslewood,jhaslewoodpw@a8.net,prod,engineering,10/11/2013,12/5/2018,25851.59,true
934,Foss,McGaw,fmcgawpx@mediafire.com,test,engineering,8/3/2011,3/21/2022,20849.42,false
935,Karen,Fells,kfellspy@trellian.com,prod,engineering,6/10/2021,3/25/2014,117441.06,false
936,Davida,Feaver,dfeaverpz@php.net,test,sales,6/8/2020,11/29/2010,98743.13,false
937,Lukas,Townes,ltownesq0@reuters.com,dev,engineering,8/25/2020,1/4/2014,66821.14,false
938,Tootsie,Shackle,tshackleq1@twitpic.com,dev,engineering,6/26/2016,2/11/2021,61016.27,false
939,Finn,Mallaby,fmallabyq2@theglobeandmail.com,dev,sales,12/27/2016,9/2/2015,141975.83,false
940,Juliet,Moohan,jmoohanq3@deliciousdays.com,dev,marketing,1/9/2021,9/6/2020,76481.87,true
941,Tiphanie,Cornels,tcornelsq4@reverbnation.com,prod,engineering,12/21/2011,7/9/2016,25115.17,true
942,Garrick,Eaklee,geakleeq5@hibu.com,prod,sales,6/30/2017,9/23/2015,147753.69,true
943,Benny,Bernaert,bbernaertq6@baidu.com,dev,sales,3/22/2020,2/2/2015,126346.79,false
944,Nonnah,Chadwin,nchadwinq7@wp.com,dev,marketing,3/25/2020,4/16/2022,107307.49,false
945,Jania,Jankiewicz,jjankiewiczq8@hatena.ne.jp,dev,marketing,7/17/2022,3/12/2020,99016.27,false
946,Ewart,Faust,efaustq9@indiegogo.com,dev,engineering,4/17/2014,6/23/2017,20615.16,false
947,Mavis,Adamo,madamoqa@flavors.me,test,engineering,8/23/2013,2/6/2013,122752.23,true
948,Grove,Spandley,gspandleyqb@pagesperso-orange.fr,dev,sales,9/15/2017,4/29/2016,78910.05,false
949,Hollis,Leaning,hleaningqc@cargocollective.com,prod,engineering,10/16/2019,11/20/2022,114252.23,false
950,Dominga,Kleinhausen,dkleinhausenqd@youku.com,prod,sales,2/20/2013,9/21/2015,33358.54,false
951,Laverne,Shaxby,lshaxbyqe@addthis.com,test,sales,5/6/2021,6/7/2020,113349.81,false
952,Barrett,Lillie,blillieqf@cpanel.net,test,engineering,4/30/2016,5/6/2022,106479.61,true
953,Leia,Devers,ldeversqg@indiatimes.com,prod,sales,8/19/2021,12/17/2022,40362.82,false
954,Ricard,Fairlam,rfairlamqh@github.io,prod,engineering,8/4/2021,1/30/2019,107209.06,true
955,Ira,Medford,imedfordqi@booking.com,dev,marketing,1/25/2010,2/23/2018,118248.77,true
956,Daren,Mohun,dmohunqj@bizjournals.com,prod,engineering,12/16/2016,2/11/2011,96566.47,false
957,Glenda,Nono,gnonoqk@guardian.co.uk,dev,sales,12/12/2020,3/11/2022,89045.43,true
958,Manon,Knightsbridge,mknightsbridgeql@cam.ac.uk,prod,marketing,2/13/2020,9/19/2012,20168.64,true
959,Hilario,Chartre,hchartreqm@etsy.com,prod,engineering,5/27/2019,3/7/2021,83785.8,false
960,Judye,Navarro,jnavarroqn@jimdo.com,prod,engineering,3/3/2012,5/9/2011,144941.83,false
961,Sidonnie,Bignall,sbignallqo@creativecommons.org,prod,sales,2/13/2012,8/23/2018,48308.82,true
962,Cosmo,Galletly,cgalletlyqp@cdbaby.com,dev,marketing,12/8/2019,4/23/2019,140713.89,true
963,Terri-jo,Gregr,tgregrqq@webeden.co.uk,dev,engineering,4/12/2020,10/22/2021,98769.19,true
964,Masha,Folca,mfolcaqr@examiner.com,test,engineering,6/14/2017,1/31/2015,106823.45,true
965,Marcelle,MacKeig,mmackeigqs@slate.com,test,marketing,7/8/2011,12/24/2016,88376.15,false
966,Lavina,Rich,lrichqt@fc2.com,prod,engineering,7/8/2021,7/8/2018,82761.52,true
967,Jamill,Frend,jfrendqu@cnbc.com,prod,engineering,6/26/2016,3/21/2021,91800.44,false
968,Shela,Coverlyn,scoverlynqv@gov.uk,test,sales,3/29/2019,2/11/2018,56360.21,false
969,Sari,Buer,sbuerqw@omniture.com,dev,engineering,3/10/2015,6/26/2021,87009.73,false
970,Mada,Dumbelton,mdumbeltonqx@ucoz.com,test,marketing,6/3/2017,11/13/2019,67119.87,false
971,Sig,McHarry,smcharryqy@auda.org.au,dev,sales,8/15/2013,11/13/2016,72310.29,false
972,Nicol,Braunlein,nbraunleinqz@tinypic.com,dev,engineering,2/12/2015,5/26/2022,145964.26,true
973,Witty,Pietzner,wpietznerr0@wisc.edu,dev,sales,11/12/2017,11/15/2010,41206.82,false
974,Fitz,Laurentin,flaurentinr1@state.gov,prod,marketing,2/13/2016,12/13/2017,112185.37,false
975,Marketa,Consterdine,mconsterdiner2@bbb.org,test,marketing,7/16/2014,7/23/2013,91686.03,false
976,Katuscha,McKernon,kmckernonr3@1688.com,test,marketing,12/16/2011,5/24/2022,90645.3,true
977,Beck,Sterling,bsterlingr4@epa.gov,test,marketing,10/14/2011,3/31/2019,37756.21,true
978,Kile,Coale,kcoaler5@forbes.com,test,sales,3/28/2012,5/23/2011,92944.52,true
979,Jermayne,Ionn,jionnr6@nasa.gov,test,marketing,12/2/2013,4/20/2013,147675.1,false
980,Giovanni,Blayney,gblayneyr7@salon.com,dev,marketing,12/4/2016,5/9/2013,111186.96,true
981,Ermina,Gelardi,egelardir8@goo.gl,prod,sales,10/9/2011,4/22/2010,70376.53,true
982,Ddene,Adriaens,dadriaensr9@miibeian.gov.cn,test,sales,7/8/2020,11/16/2022,81862.86,false
983,Glen,Heake,gheakera@apple.com,test,engineering,3/19/2019,12/19/2014,20470.33,true
984,Evaleen,Feehery,efeeheryrb@forbes.com,prod,marketing,3/9/2011,7/16/2013,92640.45,false
985,Zane,Bunch,zbunchrc@printfriendly.com,dev,marketing,12/24/2014,1/3/2011,89987.65,false
986,Melissa,Conor,mconorrd@google.ca,test,marketing,4/28/2022,10/2/2016,68673.16,false
987,Iorgo,Koubek,ikoubekre@sitemeter.com,prod,engineering,2/2/2022,1/3/2013,40527.78,true
988,Shanie,MacKeeg,smackeegrf@howstuffworks.com,prod,marketing,7/25/2011,5/22/2019,139720.27,false
989,Bethena,Morgans,bmorgansrg@google.co.jp,prod,sales,4/29/2012,4/26/2010,34725.6,false
990,Rorke,Sich,rsichrh@mtv.com,test,engineering,9/25/2021,8/11/2016,111405.13,true
991,Jeniece,Bish,jbishri@networksolutions.com,test,sales,1/23/2014,3/25/2014,115044.11,true
992,Tyne,Haglington,thaglingtonrj@live.com,dev,engineering,9/21/2020,10/6/2011,34135.22,true
993,Nananne,Winspare,nwinsparerk@hibu.com,dev,marketing,5/20/2012,2/2/2012,92177.22,false
994,Persis,Glavias,pglaviasrl@newsvine.com,prod,engineering,6/25/2018,9/10/2010,129745.07,false
995,Tan,Furlow,tfurlowrm@sakura.ne.jp,prod,marketing,4/15/2013,5/2/2016,75923.96,false
996,Arther,Bycraft,abycraftrn@usatoday.com,prod,engineering,10/16/2018,7/12/2016,46538.64,true
997,Gloriana,Willson,gwillsonro@netvibes.com,test,engineering,12/30/2013,3/2/2013,64528.76,true
998,Brenden,Raithbie,braithbierp@vk.com,prod,sales,3/6/2020,5/13/2014,41914.15,false
999,Etti,Colcomb,ecolcombrq@thetimes.co.uk,test,engineering,9/12/2022,9/18/2021,99303.88,true
1000,Shawnee,Nowakowski,snowakowskirr@vinaora.com,prod,sales,7/13/2013,3/25/2016,29244.88,true
